-- phpMyAdmin SQL Dump
-- version 4.6.6deb5
-- https://www.phpmyadmin.net/
--
-- Host: localhost:3306
-- Generation Time: May 18, 2019 at 05:39 PM
-- Server version: 5.6.41
-- PHP Version: 7.2.17-1+ubuntu18.04.1+deb.sury.org+3

SET SQL_MODE = "NO_AUTO_VALUE_ON_ZERO";
SET time_zone = "+00:00";


/*!40101 SET @OLD_CHARACTER_SET_CLIENT=@@CHARACTER_SET_CLIENT */;
/*!40101 SET @OLD_CHARACTER_SET_RESULTS=@@CHARACTER_SET_RESULTS */;
/*!40101 SET @OLD_COLLATION_CONNECTION=@@COLLATION_CONNECTION */;
/*!40101 SET NAMES utf8mb4 */;

--
-- Database: `gauge_chief`
--

-- --------------------------------------------------------

--
-- Table structure for table `barcodes`
--

CREATE TABLE `barcodes` (
  `id` int(10) UNSIGNED NOT NULL,
  `name` varchar(191) COLLATE utf8mb4_unicode_ci NOT NULL,
  `description` text COLLATE utf8mb4_unicode_ci,
  `width` double(8,2) DEFAULT NULL,
  `height` double(8,2) DEFAULT NULL,
  `paper_width` double(8,2) DEFAULT NULL,
  `paper_height` double(8,2) DEFAULT NULL,
  `top_margin` double(8,2) DEFAULT NULL,
  `left_margin` double(8,2) DEFAULT NULL,
  `row_distance` double(8,2) DEFAULT NULL,
  `col_distance` double(8,2) DEFAULT NULL,
  `stickers_in_one_row` int(11) DEFAULT NULL,
  `is_default` tinyint(1) NOT NULL DEFAULT '0',
  `is_continuous` tinyint(1) NOT NULL DEFAULT '0',
  `stickers_in_one_sheet` int(11) DEFAULT NULL,
  `business_id` int(10) UNSIGNED DEFAULT NULL,
  `created_at` timestamp NULL DEFAULT NULL,
  `updated_at` timestamp NULL DEFAULT NULL
) ENGINE=InnoDB DEFAULT CHARSET=utf8mb4 COLLATE=utf8mb4_unicode_ci;

--
-- Dumping data for table `barcodes`
--

INSERT INTO `barcodes` (`id`, `name`, `description`, `width`, `height`, `paper_width`, `paper_height`, `top_margin`, `left_margin`, `row_distance`, `col_distance`, `stickers_in_one_row`, `is_default`, `is_continuous`, `stickers_in_one_sheet`, `business_id`, `created_at`, `updated_at`) VALUES
(1, '20 Labels per Sheet - (8.5\" x 11\")', 'Sheet Size: 8.5\" x 11\"\\r\\nLabel Size: 4\" x 1\"\\r\\nLabels per sheet: 20', 3.75, 1.00, 8.50, 11.00, 0.50, 0.50, 0.00, 0.16, 2, 0, 0, 20, NULL, '2017-12-18 03:13:44', '2017-12-18 03:13:44'),
(2, '30 Labels per sheet - (8.5\" x 11\")', 'Sheet Size: 8.5\" x 11\"\\r\\nLabel Size: 2.625\" x 1\"\\r\\nLabels per sheet: 30', 2.62, 1.00, 8.50, 11.00, 0.50, 0.22, 0.00, 0.14, 3, 0, 0, 30, NULL, '2017-12-18 03:04:39', '2017-12-18 03:10:40'),
(3, '32 Labels per sheet - (8.5\" x 11\")', 'Sheet Size: 8.5\" x 11\"\\r\\nLabel Size: 2\" x 1.25\"\\r\\nLabels per sheet: 32', 2.00, 1.25, 8.50, 11.00, 0.50, 0.25, 0.00, 0.00, 4, 0, 0, 32, NULL, '2017-12-18 02:55:40', '2017-12-18 02:55:40'),
(4, '40 Labels per sheet - (8.5\" x 11\")', 'Sheet Size: 8.5\" x 11\"\\r\\nLabel Size: 2\" x 1\"\\r\\nLabels per sheet: 40', 2.00, 1.00, 8.50, 11.00, 0.50, 0.25, 0.00, 0.00, 4, 0, 0, 40, NULL, '2017-12-18 02:58:40', '2017-12-18 02:58:40'),
(5, '50 Labels per Sheet - (8.5\" x 11\")', 'Sheet Size: 8.5\" x 11\"\\r\\nLabel Size: 1.5\" x 1\"\\r\\nLabels per sheet: 50', 1.50, 1.00, 8.50, 11.00, 0.50, 0.50, 0.00, 0.00, 5, 0, 0, 50, NULL, '2017-12-18 02:51:10', '2017-12-18 02:51:10'),
(6, 'Continuous Rolls - 31.75mm x 25.4mm', 'Label Size: 31.75mm x 25.4mm\\r\\nGap: 3.18mm', 1.25, 1.00, 1.25, 0.00, 0.12, 0.00, 0.12, 0.00, 1, 0, 1, NULL, NULL, '2017-12-18 02:51:10', '2017-12-18 02:51:10');

-- --------------------------------------------------------

--
-- Table structure for table `bookings`
--

CREATE TABLE `bookings` (
  `id` int(10) UNSIGNED NOT NULL,
  `contact_id` int(10) UNSIGNED NOT NULL,
  `waiter_id` int(10) UNSIGNED DEFAULT NULL,
  `table_id` int(10) UNSIGNED DEFAULT NULL,
  `correspondent_id` int(11) DEFAULT NULL,
  `business_id` int(10) UNSIGNED NOT NULL,
  `location_id` int(10) UNSIGNED NOT NULL,
  `booking_start` datetime NOT NULL,
  `booking_end` datetime NOT NULL,
  `created_by` int(10) UNSIGNED NOT NULL,
  `booking_status` enum('booked','completed','cancelled') COLLATE utf8mb4_unicode_ci NOT NULL,
  `booking_note` text COLLATE utf8mb4_unicode_ci,
  `created_at` timestamp NULL DEFAULT NULL,
  `updated_at` timestamp NULL DEFAULT NULL
) ENGINE=InnoDB DEFAULT CHARSET=utf8mb4 COLLATE=utf8mb4_unicode_ci;

-- --------------------------------------------------------

--
-- Table structure for table `brands`
--

CREATE TABLE `brands` (
  `id` int(10) UNSIGNED NOT NULL,
  `business_id` int(10) UNSIGNED NOT NULL,
  `name` varchar(191) COLLATE utf8mb4_unicode_ci NOT NULL,
  `description` text COLLATE utf8mb4_unicode_ci,
  `created_by` int(10) UNSIGNED NOT NULL,
  `deleted_at` timestamp NULL DEFAULT NULL,
  `created_at` timestamp NULL DEFAULT NULL,
  `updated_at` timestamp NULL DEFAULT NULL
) ENGINE=InnoDB DEFAULT CHARSET=utf8mb4 COLLATE=utf8mb4_unicode_ci;

--
-- Dumping data for table `brands`
--

INSERT INTO `brands` (`id`, `business_id`, `name`, `description`, `created_by`, `deleted_at`, `created_at`, `updated_at`) VALUES
(1, 1, 'Parties', NULL, 1, NULL, '2018-10-02 07:00:32', '2018-10-30 12:00:18');

-- --------------------------------------------------------

--
-- Table structure for table `business`
--

CREATE TABLE `business` (
  `id` int(10) UNSIGNED NOT NULL,
  `name` varchar(256) COLLATE utf8mb4_unicode_ci NOT NULL,
  `currency_id` int(10) UNSIGNED NOT NULL,
  `start_date` date DEFAULT NULL,
  `tax_number_1` varchar(100) COLLATE utf8mb4_unicode_ci DEFAULT NULL,
  `tax_label_1` varchar(10) COLLATE utf8mb4_unicode_ci DEFAULT NULL,
  `tax_number_2` varchar(100) COLLATE utf8mb4_unicode_ci DEFAULT NULL,
  `tax_label_2` varchar(10) COLLATE utf8mb4_unicode_ci DEFAULT NULL,
  `default_sales_tax` int(10) UNSIGNED DEFAULT NULL,
  `default_profit_percent` double(5,2) NOT NULL DEFAULT '0.00',
  `owner_id` int(10) UNSIGNED NOT NULL,
  `time_zone` varchar(191) COLLATE utf8mb4_unicode_ci NOT NULL DEFAULT 'Asia/Kolkata',
  `fy_start_month` tinyint(4) NOT NULL DEFAULT '1',
  `accounting_method` enum('fifo','lifo','avco') COLLATE utf8mb4_unicode_ci NOT NULL DEFAULT 'fifo',
  `default_sales_discount` decimal(20,2) DEFAULT NULL,
  `sell_price_tax` enum('includes','excludes') COLLATE utf8mb4_unicode_ci NOT NULL DEFAULT 'includes',
  `logo` varchar(191) COLLATE utf8mb4_unicode_ci DEFAULT NULL,
  `sku_prefix` varchar(191) COLLATE utf8mb4_unicode_ci DEFAULT NULL,
  `enable_product_expiry` tinyint(1) NOT NULL DEFAULT '0',
  `expiry_type` enum('add_expiry','add_manufacturing') COLLATE utf8mb4_unicode_ci NOT NULL DEFAULT 'add_expiry',
  `on_product_expiry` enum('keep_selling','stop_selling','auto_delete') COLLATE utf8mb4_unicode_ci NOT NULL DEFAULT 'keep_selling',
  `stop_selling_before` int(11) NOT NULL COMMENT 'Stop selling expied item n days before expiry',
  `enable_tooltip` tinyint(1) NOT NULL DEFAULT '1',
  `purchase_in_diff_currency` tinyint(1) NOT NULL DEFAULT '0' COMMENT 'Allow purchase to be in different currency then the business currency',
  `purchase_currency_id` int(10) UNSIGNED DEFAULT NULL,
  `p_exchange_rate` decimal(20,3) NOT NULL DEFAULT '1.000',
  `transaction_edit_days` int(10) UNSIGNED NOT NULL DEFAULT '30',
  `stock_expiry_alert_days` int(10) UNSIGNED NOT NULL DEFAULT '30',
  `keyboard_shortcuts` text COLLATE utf8mb4_unicode_ci,
  `pos_settings` text COLLATE utf8mb4_unicode_ci,
  `enable_brand` tinyint(1) NOT NULL DEFAULT '1',
  `enable_category` tinyint(1) NOT NULL DEFAULT '1',
  `enable_sub_category` tinyint(1) NOT NULL DEFAULT '1',
  `enable_price_tax` tinyint(1) NOT NULL DEFAULT '1',
  `enable_purchase_status` tinyint(1) DEFAULT '1',
  `enable_lot_number` tinyint(1) NOT NULL DEFAULT '0',
  `default_unit` int(11) DEFAULT NULL,
  `enable_racks` tinyint(1) NOT NULL DEFAULT '0',
  `enable_row` tinyint(1) NOT NULL DEFAULT '0',
  `enable_position` tinyint(1) NOT NULL DEFAULT '0',
  `ena_edit_product_from_purch` tinyint(1) NOT NULL DEFAULT '1',
  `enable_editing_product_from_purchase` tinyint(1) NOT NULL DEFAULT '1',
  `sales_cmsn_agnt` enum('logged_in_user','user','cmsn_agnt') COLLATE utf8mb4_unicode_ci DEFAULT NULL,
  `item_addition_method` tinyint(1) NOT NULL DEFAULT '1',
  `enable_inline_tax` tinyint(1) NOT NULL DEFAULT '1',
  `currency_symbol_placement` enum('before','after') COLLATE utf8mb4_unicode_ci NOT NULL DEFAULT 'before',
  `enabled_modules` text COLLATE utf8mb4_unicode_ci,
  `date_format` varchar(191) COLLATE utf8mb4_unicode_ci NOT NULL DEFAULT 'm/d/Y',
  `time_format` enum('12','24') COLLATE utf8mb4_unicode_ci NOT NULL DEFAULT '24',
  `ref_no_prefixes` text COLLATE utf8mb4_unicode_ci,
  `theme_color` char(20) COLLATE utf8mb4_unicode_ci DEFAULT NULL,
  `created_by` int(11) DEFAULT NULL,
  `email_settings` text COLLATE utf8mb4_unicode_ci,
  `sms_settings` text COLLATE utf8mb4_unicode_ci,
  `is_active` tinyint(1) NOT NULL DEFAULT '1',
  `created_at` timestamp NULL DEFAULT NULL,
  `updated_at` timestamp NULL DEFAULT NULL
) ENGINE=InnoDB DEFAULT CHARSET=utf8mb4 COLLATE=utf8mb4_unicode_ci;

--
-- Dumping data for table `business`
--

INSERT INTO `business` (`id`, `name`, `currency_id`, `start_date`, `tax_number_1`, `tax_label_1`, `tax_number_2`, `tax_label_2`, `default_sales_tax`, `default_profit_percent`, `owner_id`, `time_zone`, `fy_start_month`, `accounting_method`, `default_sales_discount`, `sell_price_tax`, `logo`, `sku_prefix`, `enable_product_expiry`, `expiry_type`, `on_product_expiry`, `stop_selling_before`, `enable_tooltip`, `purchase_in_diff_currency`, `purchase_currency_id`, `p_exchange_rate`, `transaction_edit_days`, `stock_expiry_alert_days`, `keyboard_shortcuts`, `pos_settings`, `enable_brand`, `enable_category`, `enable_sub_category`, `enable_price_tax`, `enable_purchase_status`, `enable_lot_number`, `default_unit`, `enable_racks`, `enable_row`, `enable_position`, `ena_edit_product_from_purch`, `enable_editing_product_from_purchase`, `sales_cmsn_agnt`, `item_addition_method`, `enable_inline_tax`, `currency_symbol_placement`, `enabled_modules`, `date_format`, `time_format`, `ref_no_prefixes`, `theme_color`, `created_by`, `email_settings`, `sms_settings`, `is_active`, `created_at`, `updated_at`) VALUES
(1, 'Ajina', 101, NULL, NULL, 'VAT', NULL, NULL, NULL, 0.00, 1, 'Asia/Riyadh', 1, 'fifo', NULL, 'includes', 'b2oeghIUfI9RY4MpBNqsOfzgsTSGAl7iFzcgd4bw.png', NULL, 0, 'add_expiry', 'keep_selling', 0, 0, 0, NULL, '1.000', 30, 30, '{\"pos\":{\"express_checkout\":\"shift+e\",\"pay_n_ckeckout\":\"shift+p\",\"draft\":\"shift+d\",\"cancel\":\"shift+c\",\"recent_product_quantity\":\"f2\",\"edit_discount\":\"shift+i\",\"edit_order_tax\":\"shift+t\",\"add_payment_row\":\"shift+r\",\"finalize_payment\":\"shift+f\",\"add_new_product\":\"f4\"}}', '{\"disable_pay_checkout\":0,\"disable_draft\":0,\"disable_express_checkout\":0,\"hide_product_suggestion\":0,\"hide_recent_trans\":0,\"disable_discount\":0,\"disable_order_tax\":0,\"is_pos_subtotal_editable\":0}', 0, 1, 0, 1, 0, 0, 1, 0, 0, 0, 0, 1, 'logged_in_user', 1, 0, 'after', '[\"tables\",\"modifiers\"]', 'd/m/Y', '24', '{\"purchase\":\"PO\",\"purchase_return\":null,\"stock_transfer\":\"ST\",\"stock_adjustment\":\"SA\",\"sell_return\":\"CN\",\"expense\":\"EP\",\"contacts\":\"CO\",\"purchase_payment\":\"PP\",\"sell_payment\":\"SP\",\"business_location\":\"BL\"}', 'red-light', NULL, '{\"mail_host\":null,\"mail_port\":null,\"mail_username\":\"cadmin\",\"mail_password\":\"c@1234\",\"mail_encryption\":null,\"mail_from_address\":null,\"mail_from_name\":null}', '{\"url\":null,\"send_to_param_name\":\"to\",\"msg_param_name\":\"text\",\"request_method\":\"post\",\"param_1\":null,\"param_val_1\":null,\"param_2\":null,\"param_val_2\":null,\"param_3\":null,\"param_val_3\":null,\"param_4\":null,\"param_val_4\":null,\"param_5\":null,\"param_val_5\":null}', 1, '2018-10-01 09:42:52', '2019-05-18 10:19:08');

-- --------------------------------------------------------

--
-- Table structure for table `business_locations`
--

CREATE TABLE `business_locations` (
  `id` int(10) UNSIGNED NOT NULL,
  `business_id` int(10) UNSIGNED NOT NULL,
  `location_id` varchar(191) COLLATE utf8mb4_unicode_ci DEFAULT NULL,
  `name` varchar(256) COLLATE utf8mb4_unicode_ci NOT NULL,
  `landmark` text COLLATE utf8mb4_unicode_ci,
  `country` varchar(100) COLLATE utf8mb4_unicode_ci NOT NULL,
  `state` varchar(100) COLLATE utf8mb4_unicode_ci NOT NULL,
  `city` varchar(100) COLLATE utf8mb4_unicode_ci NOT NULL,
  `zip_code` char(7) COLLATE utf8mb4_unicode_ci NOT NULL,
  `invoice_scheme_id` int(10) UNSIGNED NOT NULL,
  `invoice_layout_id` int(10) UNSIGNED NOT NULL,
  `print_receipt_on_invoice` tinyint(1) DEFAULT '1',
  `receipt_printer_type` enum('browser','printer') COLLATE utf8mb4_unicode_ci NOT NULL DEFAULT 'browser',
  `printer_id` int(11) DEFAULT NULL,
  `mobile` varchar(191) COLLATE utf8mb4_unicode_ci DEFAULT NULL,
  `alternate_number` varchar(191) COLLATE utf8mb4_unicode_ci DEFAULT NULL,
  `email` varchar(191) COLLATE utf8mb4_unicode_ci DEFAULT NULL,
  `website` varchar(191) COLLATE utf8mb4_unicode_ci DEFAULT NULL,
  `custom_field1` varchar(191) COLLATE utf8mb4_unicode_ci DEFAULT NULL,
  `custom_field2` varchar(191) COLLATE utf8mb4_unicode_ci DEFAULT NULL,
  `custom_field3` varchar(191) COLLATE utf8mb4_unicode_ci DEFAULT NULL,
  `custom_field4` varchar(191) COLLATE utf8mb4_unicode_ci DEFAULT NULL,
  `deleted_at` timestamp NULL DEFAULT NULL,
  `created_at` timestamp NULL DEFAULT NULL,
  `updated_at` timestamp NULL DEFAULT NULL
) ENGINE=InnoDB DEFAULT CHARSET=utf8mb4 COLLATE=utf8mb4_unicode_ci;

--
-- Dumping data for table `business_locations`
--

INSERT INTO `business_locations` (`id`, `business_id`, `location_id`, `name`, `landmark`, `country`, `state`, `city`, `zip_code`, `invoice_scheme_id`, `invoice_layout_id`, `print_receipt_on_invoice`, `receipt_printer_type`, `printer_id`, `mobile`, `alternate_number`, `email`, `website`, `custom_field1`, `custom_field2`, `custom_field3`, `custom_field4`, `deleted_at`, `created_at`, `updated_at`) VALUES
(1, 1, 'BL0001', 'شركة مذاق العجينة المحدودة', NULL, 'المملكة العربية السعودية', '-', 'الرياض', '١١٣٢١', 1, 1, 1, 'browser', NULL, NULL, NULL, NULL, NULL, NULL, NULL, NULL, NULL, NULL, '2018-10-01 09:42:53', '2019-05-18 10:12:44');

-- --------------------------------------------------------

--
-- Table structure for table `cash_registers`
--

CREATE TABLE `cash_registers` (
  `id` int(10) UNSIGNED NOT NULL,
  `business_id` int(10) UNSIGNED NOT NULL,
  `user_id` int(10) UNSIGNED DEFAULT NULL,
  `status` enum('close','open') COLLATE utf8mb4_unicode_ci NOT NULL DEFAULT 'open',
  `closed_at` datetime DEFAULT NULL,
  `is_exported` tinyint(1) NOT NULL DEFAULT '0',
  `closing_amount` decimal(20,2) NOT NULL DEFAULT '0.00',
  `total_visa` int(11) DEFAULT NULL,
  `total_master` int(11) DEFAULT NULL,
  `total_mada` int(11) DEFAULT NULL,
  `total_card_slips` int(11) NOT NULL DEFAULT '0',
  `total_cheques` int(11) NOT NULL DEFAULT '0',
  `closing_note` text COLLATE utf8mb4_unicode_ci,
  `created_by` int(11) DEFAULT NULL,
  `closed_by` int(11) DEFAULT NULL,
  `created_at` timestamp NULL DEFAULT NULL,
  `updated_at` timestamp NULL DEFAULT NULL
) ENGINE=InnoDB DEFAULT CHARSET=utf8mb4 COLLATE=utf8mb4_unicode_ci;

--
-- Dumping data for table `cash_registers`
--

INSERT INTO `cash_registers` (`id`, `business_id`, `user_id`, `status`, `closed_at`, `is_exported`, `closing_amount`, `total_visa`, `total_master`, `total_mada`, `total_card_slips`, `total_cheques`, `closing_note`, `created_by`, `closed_by`, `created_at`, `updated_at`) VALUES
(1, 1, 1, 'close', '2018-12-06 11:36:41', 0, '293.06', NULL, NULL, NULL, 3, 0, NULL, NULL, NULL, '2018-10-01 07:14:11', '2018-12-06 08:36:41'),
(2, 1, 2, 'close', '2018-10-03 14:44:38', 0, '138.50', NULL, NULL, NULL, 0, 0, NULL, NULL, NULL, '2018-10-03 11:20:00', '2018-10-03 11:44:38'),
(3, 1, 3, 'close', '2018-10-03 14:56:46', 0, '0.00', NULL, NULL, NULL, 0, 0, NULL, NULL, NULL, '2018-10-03 11:55:13', '2018-10-03 11:56:46'),
(4, 1, 3, 'open', NULL, 0, '0.00', NULL, NULL, NULL, 0, 0, NULL, NULL, NULL, '2018-10-03 11:57:22', '2018-10-03 11:57:22'),
(5, 1, 2, 'close', '2019-02-07 15:41:09', 0, '0.00', NULL, NULL, NULL, 0, 0, NULL, NULL, NULL, '2018-10-07 08:18:24', '2019-02-07 12:41:09'),
(6, 1, 1, 'close', '2019-02-07 15:40:38', 0, '237.00', NULL, NULL, NULL, 5, 0, NULL, NULL, NULL, '2018-12-06 08:37:10', '2019-02-07 12:40:38'),
(7, 1, 2, 'close', '2019-02-07 15:43:18', 0, '900.00', NULL, NULL, NULL, 1, 0, NULL, NULL, NULL, '2019-02-07 12:41:41', '2019-02-07 12:43:18'),
(8, 1, 1, 'open', NULL, 0, '0.00', NULL, NULL, NULL, 0, 0, NULL, NULL, NULL, '2019-02-07 12:47:32', '2019-02-07 12:47:32'),
(9, 1, 2, 'close', '2019-02-11 10:09:47', 0, '0.00', NULL, NULL, NULL, 0, 0, NULL, NULL, NULL, '2019-02-10 06:47:47', '2019-02-11 07:09:47'),
(10, 1, 2, 'close', '2019-02-11 10:12:17', 0, '1029.00', NULL, NULL, NULL, 1, 0, NULL, NULL, NULL, '2019-02-11 07:10:17', '2019-02-11 07:12:17'),
(11, 1, 2, 'open', NULL, 0, '0.00', NULL, NULL, NULL, 0, 0, NULL, NULL, NULL, '2019-02-27 13:08:02', '2019-02-27 13:08:02');

-- --------------------------------------------------------

--
-- Table structure for table `cash_register_transactions`
--

CREATE TABLE `cash_register_transactions` (
  `id` int(10) UNSIGNED NOT NULL,
  `cash_register_id` int(10) UNSIGNED NOT NULL,
  `amount` decimal(20,2) NOT NULL DEFAULT '0.00',
  `pay_method` enum('cash','card','cheque','bank_transfer','custom_pay_1','custom_pay_2','custom_pay_3','other') COLLATE utf8mb4_unicode_ci DEFAULT NULL,
  `type` enum('debit','credit') COLLATE utf8mb4_unicode_ci NOT NULL,
  `transaction_type` enum('initial','sell','transfer','refund') COLLATE utf8mb4_unicode_ci NOT NULL,
  `transaction_id` int(11) DEFAULT NULL,
  `created_at` timestamp NULL DEFAULT NULL,
  `updated_at` timestamp NULL DEFAULT NULL
) ENGINE=InnoDB DEFAULT CHARSET=utf8mb4 COLLATE=utf8mb4_unicode_ci;

--
-- Dumping data for table `cash_register_transactions`
--

INSERT INTO `cash_register_transactions` (`id`, `cash_register_id`, `amount`, `pay_method`, `type`, `transaction_type`, `transaction_id`, `created_at`, `updated_at`) VALUES
(1, 1, '0.00', 'cash', 'credit', 'initial', NULL, '2018-10-01 07:14:11', '2018-10-01 07:14:11'),
(2, 1, '25.00', 'cash', 'credit', 'sell', 1, '2018-10-01 12:20:18', '2018-10-01 12:20:18'),
(3, 1, '0.00', 'cash', 'credit', 'sell', 1, '2018-10-01 12:20:18', '2018-10-01 12:20:18'),
(4, 1, '30.00', 'cash', 'credit', 'sell', 3, '2018-10-03 07:04:10', '2018-10-03 07:04:10'),
(5, 1, '0.00', 'cash', 'credit', 'sell', 3, '2018-10-03 07:04:11', '2018-10-03 07:04:11'),
(6, 1, '17.50', 'cash', 'credit', 'sell', 4, '2018-10-03 07:04:30', '2018-10-03 07:04:30'),
(7, 1, '0.00', 'cash', 'credit', 'sell', 4, '2018-10-03 07:04:31', '2018-10-03 07:04:31'),
(8, 1, '37.25', 'cash', 'credit', 'sell', 5, '2018-10-03 10:57:29', '2018-10-03 10:57:29'),
(9, 1, '0.00', 'cash', 'credit', 'sell', 5, '2018-10-03 10:57:29', '2018-10-03 10:57:29'),
(10, 2, '0.00', 'cash', 'credit', 'initial', NULL, '2018-10-03 11:20:00', '2018-10-03 11:20:00'),
(11, 2, '138.50', 'cash', 'credit', 'sell', 6, '2018-10-03 11:20:25', '2018-10-03 11:20:25'),
(12, 2, '0.00', 'cash', 'credit', 'sell', 6, '2018-10-03 11:20:25', '2018-10-03 11:20:25'),
(13, 1, '90.00', 'cash', 'credit', 'sell', 7, '2018-10-03 11:21:33', '2018-10-03 11:21:33'),
(14, 1, '0.00', 'cash', 'credit', 'sell', 7, '2018-10-03 11:21:33', '2018-10-03 11:21:33'),
(15, 3, '0.00', 'cash', 'credit', 'initial', NULL, '2018-10-03 11:55:13', '2018-10-03 11:55:13'),
(16, 4, '999.00', 'cash', 'credit', 'initial', NULL, '2018-10-03 11:57:22', '2018-10-03 11:57:22'),
(17, 4, '36.25', 'cash', 'credit', 'sell', 8, '2018-10-03 11:59:46', '2018-10-03 11:59:46'),
(18, 4, '0.00', 'cash', 'credit', 'sell', 8, '2018-10-03 11:59:46', '2018-10-03 11:59:46'),
(19, 1, '10.00', 'cash', 'credit', 'sell', 9, '2018-10-03 12:31:32', '2018-10-03 12:31:32'),
(20, 1, '27.25', 'card', 'credit', 'sell', 9, '2018-10-03 12:31:32', '2018-10-03 12:31:32'),
(21, 1, '0.00', 'cash', 'credit', 'sell', 9, '2018-10-03 12:31:32', '2018-10-03 12:31:32'),
(22, 5, '0.00', 'cash', 'credit', 'initial', NULL, '2018-10-07 08:18:24', '2018-10-07 08:18:24'),
(23, 1, '14.50', 'cash', 'credit', 'sell', 10, '2018-10-07 10:08:24', '2018-10-07 10:08:24'),
(24, 1, '0.00', 'cash', 'credit', 'sell', 10, '2018-10-07 10:08:24', '2018-10-07 10:08:24'),
(25, 1, '8.25', 'card', 'credit', 'sell', 11, '2018-10-07 10:08:47', '2018-10-07 10:08:47'),
(26, 1, '0.00', 'cash', 'credit', 'sell', 11, '2018-10-07 10:08:47', '2018-10-07 10:08:47'),
(27, 1, '18.75', 'cash', 'credit', 'sell', 12, '2018-10-08 09:29:30', '2018-10-08 09:29:30'),
(28, 1, '0.00', 'cash', 'credit', 'sell', 12, '2018-10-08 09:29:30', '2018-10-08 09:29:30'),
(29, 1, '33.75', 'cash', 'credit', 'sell', 13, '2018-10-28 11:40:19', '2018-10-28 11:40:19'),
(30, 1, '0.00', 'cash', 'credit', 'sell', 13, '2018-10-28 11:40:19', '2018-10-28 11:40:19'),
(31, 1, '73.75', 'card', 'credit', 'sell', 14, '2018-11-12 07:44:31', '2018-11-12 07:44:31'),
(32, 1, '0.00', 'cash', 'credit', 'sell', 14, '2018-11-12 07:44:31', '2018-11-12 07:44:31'),
(33, 1, '16.31', 'cash', 'credit', 'sell', 15, '2018-11-26 08:56:21', '2018-11-26 08:56:21'),
(34, 1, '0.00', 'custom_pay_1', 'credit', 'sell', 15, '2018-11-26 08:56:21', '2018-11-26 08:56:21'),
(35, 1, '0.00', 'cash', 'credit', 'sell', 15, '2018-11-26 08:56:21', '2018-11-26 08:56:21'),
(36, 6, '0.00', 'cash', 'credit', 'initial', NULL, '2018-12-06 08:37:12', '2018-12-06 08:37:12'),
(37, 6, '27.00', 'card', 'credit', 'sell', 17, '2018-12-17 10:20:13', '2018-12-17 10:20:13'),
(38, 6, '0.00', 'cash', 'credit', 'sell', 17, '2018-12-17 10:20:13', '2018-12-17 10:20:13'),
(39, 6, '11.25', 'cash', 'credit', 'sell', 18, '2018-12-17 10:21:20', '2018-12-17 10:21:20'),
(40, 6, '0.00', 'cash', 'credit', 'sell', 18, '2018-12-17 10:21:20', '2018-12-17 10:21:20'),
(41, 6, '25.00', 'cash', 'credit', 'sell', 20, '2019-01-30 06:32:39', '2019-01-30 06:32:39'),
(42, 6, '0.00', 'cash', 'credit', 'sell', 20, '2019-01-30 06:32:39', '2019-01-30 06:32:39'),
(43, 6, '10.00', 'card', 'credit', 'sell', 21, '2019-01-30 06:34:24', '2019-01-30 06:34:24'),
(44, 6, '15.00', 'card', 'credit', 'sell', 21, '2019-01-30 06:34:24', '2019-01-30 06:34:24'),
(45, 6, '0.00', 'cash', 'credit', 'sell', 21, '2019-01-30 06:34:24', '2019-01-30 06:34:24'),
(46, 6, '3.70', 'card', 'credit', 'sell', 22, '2019-02-03 08:41:11', '2019-02-03 08:41:11'),
(47, 6, '0.00', 'cash', 'credit', 'sell', 22, '2019-02-03 08:41:11', '2019-02-03 08:41:11'),
(48, 6, '148.75', 'cash', 'credit', 'sell', 23, '2019-02-03 10:47:18', '2019-02-03 10:47:18'),
(49, 6, '0.00', 'cash', 'credit', 'sell', 23, '2019-02-03 10:47:18', '2019-02-03 10:47:18'),
(50, 6, '15.00', 'cash', 'credit', 'sell', 24, '2019-02-07 12:38:42', '2019-02-07 12:38:42'),
(51, 6, '23.00', 'card', 'credit', 'sell', 24, '2019-02-07 12:38:42', '2019-02-07 12:38:42'),
(52, 6, '37.00', 'cash', 'credit', 'sell', 24, '2019-02-07 12:38:42', '2019-02-07 12:38:42'),
(53, 6, '0.00', 'cash', 'credit', 'sell', 24, '2019-02-07 12:38:42', '2019-02-07 12:38:42'),
(54, 7, '1000.00', 'cash', 'credit', 'initial', NULL, '2019-02-07 12:41:42', '2019-02-07 12:41:42'),
(55, 7, '30.00', 'cash', 'credit', 'sell', 25, '2019-02-07 12:42:20', '2019-02-07 12:42:20'),
(56, 7, '30.00', 'card', 'credit', 'sell', 25, '2019-02-07 12:42:20', '2019-02-07 12:42:20'),
(57, 7, '0.00', 'cash', 'credit', 'sell', 25, '2019-02-07 12:42:20', '2019-02-07 12:42:20'),
(58, 8, '0.00', 'cash', 'credit', 'initial', NULL, '2019-02-07 12:47:34', '2019-02-07 12:47:34'),
(59, 8, '148.75', 'cash', 'debit', 'refund', 23, '2019-02-10 06:26:42', '2019-02-10 06:26:42'),
(60, 9, '0.00', 'cash', 'credit', 'initial', NULL, '2019-02-10 06:47:48', '2019-02-10 06:47:48'),
(61, 8, '63.75', 'cash', 'credit', 'sell', 28, '2019-02-10 06:53:14', '2019-02-10 06:53:14'),
(62, 8, '0.00', 'cash', 'credit', 'sell', 28, '2019-02-10 06:53:14', '2019-02-10 06:53:14'),
(63, 8, '63.75', 'cash', 'debit', 'refund', 28, '2019-02-10 06:54:05', '2019-02-10 06:54:05'),
(64, 8, '56.25', 'cash', 'credit', 'sell', 29, '2019-02-10 06:55:26', '2019-02-10 06:55:26'),
(65, 8, '0.00', 'cash', 'credit', 'sell', 29, '2019-02-10 06:55:26', '2019-02-10 06:55:26'),
(66, 8, '75.00', 'cash', 'credit', 'sell', 30, '2019-02-10 11:00:44', '2019-02-10 11:00:44'),
(67, 8, '0.00', 'cash', 'credit', 'sell', 30, '2019-02-10 11:00:44', '2019-02-10 11:00:44'),
(68, 10, '1000.00', 'cash', 'credit', 'initial', NULL, '2019-02-11 07:10:19', '2019-02-11 07:10:19'),
(69, 10, '51.25', 'card', 'credit', 'sell', 31, '2019-02-11 07:10:34', '2019-02-11 07:10:34'),
(70, 10, '0.00', 'cash', 'credit', 'sell', 31, '2019-02-11 07:10:35', '2019-02-11 07:10:35'),
(71, 10, '30.00', 'cash', 'credit', 'sell', 32, '2019-02-11 07:11:25', '2019-02-11 07:11:25'),
(72, 10, '0.00', 'cash', 'credit', 'sell', 32, '2019-02-11 07:11:25', '2019-02-11 07:11:25'),
(73, 8, '7.50', 'cash', 'credit', 'sell', 33, '2019-02-11 07:38:01', '2019-02-11 07:38:01'),
(74, 8, '0.00', 'cash', 'credit', 'sell', 33, '2019-02-11 07:38:01', '2019-02-11 07:38:01'),
(75, 8, '3.75', 'card', 'credit', 'sell', 34, '2019-02-11 07:38:10', '2019-02-11 07:38:10'),
(76, 8, '0.00', 'cash', 'credit', 'sell', 34, '2019-02-11 07:38:10', '2019-02-11 07:38:10'),
(77, 8, '47.50', 'card', 'credit', 'sell', 35, '2019-02-11 11:36:46', '2019-02-11 11:36:46'),
(78, 8, '0.00', 'cash', 'credit', 'sell', 35, '2019-02-11 11:36:46', '2019-02-11 11:36:46'),
(79, 8, '35.00', 'cash', 'credit', 'sell', 36, '2019-02-11 11:36:55', '2019-02-11 11:36:55'),
(80, 8, '0.00', 'cash', 'credit', 'sell', 36, '2019-02-11 11:36:55', '2019-02-11 11:36:55'),
(81, 8, '23.75', 'cash', 'credit', 'sell', 38, '2019-02-27 13:05:36', '2019-02-27 13:05:36'),
(82, 8, '0.00', 'cash', 'credit', 'sell', 38, '2019-02-27 13:05:36', '2019-02-27 13:05:36'),
(83, 8, '33.75', 'cash', 'credit', 'sell', 39, '2019-02-27 13:06:01', '2019-02-27 13:06:01'),
(84, 8, '0.00', 'cash', 'credit', 'sell', 39, '2019-02-27 13:06:01', '2019-02-27 13:06:01'),
(85, 8, '46.25', 'cash', 'credit', 'sell', 40, '2019-02-27 13:06:47', '2019-02-27 13:06:47'),
(86, 8, '0.00', 'cash', 'credit', 'sell', 40, '2019-02-27 13:06:47', '2019-02-27 13:06:47'),
(87, 11, '0.00', 'cash', 'credit', 'initial', NULL, '2019-02-27 13:08:02', '2019-02-27 13:08:02'),
(88, 11, '20.00', 'cash', 'credit', 'sell', 41, '2019-02-27 13:08:20', '2019-02-27 13:08:20'),
(89, 11, '0.00', 'cash', 'credit', 'sell', 41, '2019-02-27 13:08:20', '2019-02-27 13:08:20'),
(90, 11, '56.25', 'cash', 'credit', 'sell', 42, '2019-02-27 13:09:44', '2019-02-27 13:09:44'),
(91, 11, '0.00', 'cash', 'credit', 'sell', 42, '2019-02-27 13:09:44', '2019-02-27 13:09:44'),
(92, 11, '42.50', 'cash', 'credit', 'sell', 43, '2019-02-27 13:10:18', '2019-02-27 13:10:18'),
(93, 11, '0.00', 'cash', 'credit', 'sell', 43, '2019-02-27 13:10:18', '2019-02-27 13:10:18'),
(94, 11, '77.50', 'cash', 'credit', 'sell', 44, '2019-02-27 13:12:20', '2019-02-27 13:12:20'),
(95, 11, '0.00', 'cash', 'credit', 'sell', 44, '2019-02-27 13:12:20', '2019-02-27 13:12:20'),
(96, 8, '30.00', 'cash', 'credit', 'sell', 45, '2019-02-28 06:22:27', '2019-02-28 06:22:27'),
(97, 8, '0.00', 'cash', 'credit', 'sell', 45, '2019-02-28 06:22:27', '2019-02-28 06:22:27'),
(98, 8, '6.25', 'cash', 'credit', 'sell', 46, '2019-03-02 03:57:41', '2019-03-02 03:57:41'),
(99, 8, '0.00', 'cash', 'credit', 'sell', 46, '2019-03-02 03:57:41', '2019-03-02 03:57:41'),
(100, 8, '36.25', 'cash', 'credit', 'sell', 47, '2019-05-17 09:58:35', '2019-05-17 09:58:35'),
(101, 8, '0.00', 'cash', 'credit', 'sell', 47, '2019-05-17 09:58:36', '2019-05-17 09:58:36'),
(102, 8, '23.75', 'cash', 'credit', 'sell', 48, '2019-05-17 10:09:53', '2019-05-17 10:09:53'),
(103, 8, '0.00', 'cash', 'credit', 'sell', 48, '2019-05-17 10:09:53', '2019-05-17 10:09:53'),
(104, 8, '23.75', 'cash', 'credit', 'sell', 49, '2019-05-17 10:11:09', '2019-05-17 10:11:09'),
(105, 8, '0.00', 'cash', 'credit', 'sell', 49, '2019-05-17 10:11:09', '2019-05-17 10:11:09'),
(106, 8, '31.25', 'cash', 'credit', 'sell', 50, '2019-05-17 10:30:51', '2019-05-17 10:30:51'),
(107, 8, '0.00', 'cash', 'credit', 'sell', 50, '2019-05-17 10:30:51', '2019-05-17 10:30:51'),
(108, 8, '31.25', 'cash', 'credit', 'sell', 51, '2019-05-17 10:31:00', '2019-05-17 10:31:00'),
(109, 8, '0.00', 'cash', 'credit', 'sell', 51, '2019-05-17 10:31:00', '2019-05-17 10:31:00'),
(110, 8, '25.00', 'cash', 'credit', 'sell', 52, '2019-05-17 10:31:11', '2019-05-17 10:31:11'),
(111, 8, '0.00', 'cash', 'credit', 'sell', 52, '2019-05-17 10:31:11', '2019-05-17 10:31:11'),
(112, 8, '56.00', 'cash', 'credit', 'sell', 53, '2019-05-17 19:06:57', '2019-05-17 19:06:57'),
(113, 8, '0.00', 'cash', 'credit', 'sell', 53, '2019-05-17 19:06:57', '2019-05-17 19:06:57'),
(114, 8, '30.00', 'cash', 'credit', 'sell', 54, '2019-05-17 19:42:18', '2019-05-17 19:42:18'),
(115, 8, '0.00', 'cash', 'credit', 'sell', 54, '2019-05-17 19:42:18', '2019-05-17 19:42:18'),
(116, 8, '30.00', 'cash', 'credit', 'sell', 55, '2019-05-17 19:42:34', '2019-05-17 19:42:34'),
(117, 8, '0.00', 'cash', 'credit', 'sell', 55, '2019-05-17 19:42:34', '2019-05-17 19:42:34'),
(118, 8, '40.00', 'cash', 'credit', 'sell', 56, '2019-05-17 20:18:15', '2019-05-17 20:18:15'),
(119, 8, '0.00', 'cash', 'credit', 'sell', 56, '2019-05-17 20:18:15', '2019-05-17 20:18:15'),
(120, 8, '23.00', 'cash', 'credit', 'sell', 57, '2019-05-17 20:18:33', '2019-05-17 20:18:33'),
(121, 8, '0.00', 'cash', 'credit', 'sell', 57, '2019-05-17 20:18:33', '2019-05-17 20:18:33'),
(122, 8, '30.00', 'cash', 'credit', 'sell', 59, '2019-05-18 00:11:44', '2019-05-18 00:11:44'),
(123, 8, '0.00', 'cash', 'credit', 'sell', 59, '2019-05-18 00:11:44', '2019-05-18 00:11:44'),
(124, 8, '8.00', 'cash', 'credit', 'sell', 60, '2019-05-18 00:11:57', '2019-05-18 00:11:57'),
(125, 8, '0.00', 'cash', 'credit', 'sell', 60, '2019-05-18 00:11:57', '2019-05-18 00:11:57'),
(126, 8, '30.00', 'cash', 'credit', 'sell', 61, '2019-05-18 00:16:24', '2019-05-18 00:16:24'),
(127, 8, '0.00', 'cash', 'credit', 'sell', 61, '2019-05-18 00:16:24', '2019-05-18 00:16:24'),
(128, 8, '30.00', 'cash', 'credit', 'sell', 62, '2019-05-18 10:13:16', '2019-05-18 10:13:16'),
(129, 8, '0.00', 'cash', 'credit', 'sell', 62, '2019-05-18 10:13:16', '2019-05-18 10:13:16'),
(130, 8, '8.00', 'cash', 'credit', 'sell', 63, '2019-05-18 10:20:34', '2019-05-18 10:20:34'),
(131, 8, '0.00', 'cash', 'credit', 'sell', 63, '2019-05-18 10:20:34', '2019-05-18 10:20:34'),
(132, 8, '6.00', 'cash', 'credit', 'sell', 64, '2019-05-18 10:24:24', '2019-05-18 10:24:24'),
(133, 8, '0.00', 'cash', 'credit', 'sell', 64, '2019-05-18 10:24:24', '2019-05-18 10:24:24'),
(134, 8, '30.00', 'cash', 'credit', 'sell', 65, '2019-05-18 10:36:25', '2019-05-18 10:36:25'),
(135, 8, '0.00', 'cash', 'credit', 'sell', 65, '2019-05-18 10:36:25', '2019-05-18 10:36:25'),
(136, 8, '30.00', 'cash', 'credit', 'sell', 66, '2019-05-18 10:38:43', '2019-05-18 10:38:43'),
(137, 8, '0.00', 'cash', 'credit', 'sell', 66, '2019-05-18 10:38:43', '2019-05-18 10:38:43'),
(138, 8, '30.00', 'cash', 'credit', 'sell', 67, '2019-05-18 10:40:15', '2019-05-18 10:40:15'),
(139, 8, '0.00', 'cash', 'credit', 'sell', 67, '2019-05-18 10:40:15', '2019-05-18 10:40:15'),
(140, 8, '30.00', 'cash', 'credit', 'sell', 68, '2019-05-18 10:40:41', '2019-05-18 10:40:41'),
(141, 8, '0.00', 'cash', 'credit', 'sell', 68, '2019-05-18 10:40:41', '2019-05-18 10:40:41'),
(142, 8, '30.00', 'cash', 'credit', 'sell', 69, '2019-05-18 10:44:10', '2019-05-18 10:44:10'),
(143, 8, '0.00', 'cash', 'credit', 'sell', 69, '2019-05-18 10:44:10', '2019-05-18 10:44:10'),
(144, 8, '30.00', 'cash', 'credit', 'sell', 70, '2019-05-18 11:01:51', '2019-05-18 11:01:51'),
(145, 8, '0.00', 'cash', 'credit', 'sell', 70, '2019-05-18 11:01:51', '2019-05-18 11:01:51'),
(146, 8, '37.00', 'cash', 'credit', 'sell', 71, '2019-05-18 11:02:07', '2019-05-18 11:02:07'),
(147, 8, '0.00', 'cash', 'credit', 'sell', 71, '2019-05-18 11:02:07', '2019-05-18 11:02:07'),
(148, 8, '38.00', 'cash', 'credit', 'sell', 72, '2019-05-18 12:12:07', '2019-05-18 12:12:07'),
(149, 8, '0.00', 'cash', 'credit', 'sell', 72, '2019-05-18 12:12:07', '2019-05-18 12:12:07'),
(150, 8, '30.00', 'cash', 'credit', 'sell', 73, '2019-05-18 12:16:25', '2019-05-18 12:16:25'),
(151, 8, '0.00', 'cash', 'credit', 'sell', 73, '2019-05-18 12:16:25', '2019-05-18 12:16:25'),
(152, 8, '30.00', 'cash', 'credit', 'sell', 74, '2019-05-18 12:16:52', '2019-05-18 12:16:52'),
(153, 8, '0.00', 'cash', 'credit', 'sell', 74, '2019-05-18 12:16:52', '2019-05-18 12:16:52'),
(154, 8, '53.00', 'cash', 'credit', 'sell', 75, '2019-05-18 12:17:51', '2019-05-18 12:17:51'),
(155, 8, '0.00', 'cash', 'credit', 'sell', 75, '2019-05-18 12:17:51', '2019-05-18 12:17:51'),
(156, 8, '8.00', 'cash', 'credit', 'sell', 76, '2019-05-18 12:26:17', '2019-05-18 12:26:17'),
(157, 8, '0.00', 'cash', 'credit', 'sell', 76, '2019-05-18 12:26:17', '2019-05-18 12:26:17'),
(158, 8, '30.00', 'cash', 'credit', 'sell', 77, '2019-05-18 12:28:36', '2019-05-18 12:28:36'),
(159, 8, '0.00', 'cash', 'credit', 'sell', 77, '2019-05-18 12:28:36', '2019-05-18 12:28:36'),
(160, 8, '30.00', 'cash', 'credit', 'sell', 78, '2019-05-18 12:29:21', '2019-05-18 12:29:21'),
(161, 8, '0.00', 'cash', 'credit', 'sell', 78, '2019-05-18 12:29:21', '2019-05-18 12:29:21'),
(162, 8, '30.00', 'cash', 'credit', 'sell', 79, '2019-05-18 12:30:12', '2019-05-18 12:30:12'),
(163, 8, '0.00', 'cash', 'credit', 'sell', 79, '2019-05-18 12:30:12', '2019-05-18 12:30:12'),
(164, 8, '30.00', 'cash', 'credit', 'sell', 80, '2019-05-18 12:30:56', '2019-05-18 12:30:56'),
(165, 8, '0.00', 'cash', 'credit', 'sell', 80, '2019-05-18 12:30:56', '2019-05-18 12:30:56'),
(166, 8, '30.00', 'cash', 'credit', 'sell', 81, '2019-05-18 12:31:52', '2019-05-18 12:31:52'),
(167, 8, '0.00', 'cash', 'credit', 'sell', 81, '2019-05-18 12:31:52', '2019-05-18 12:31:52'),
(168, 8, '30.00', 'cash', 'credit', 'sell', 82, '2019-05-18 12:32:38', '2019-05-18 12:32:38'),
(169, 8, '0.00', 'cash', 'credit', 'sell', 82, '2019-05-18 12:32:38', '2019-05-18 12:32:38'),
(170, 8, '30.00', 'cash', 'credit', 'sell', 83, '2019-05-18 12:33:41', '2019-05-18 12:33:41'),
(171, 8, '0.00', 'cash', 'credit', 'sell', 83, '2019-05-18 12:33:41', '2019-05-18 12:33:41'),
(172, 8, '30.00', 'cash', 'credit', 'sell', 84, '2019-05-18 12:34:46', '2019-05-18 12:34:46'),
(173, 8, '0.00', 'cash', 'credit', 'sell', 84, '2019-05-18 12:34:46', '2019-05-18 12:34:46');

-- --------------------------------------------------------

--
-- Table structure for table `categories`
--

CREATE TABLE `categories` (
  `id` int(10) UNSIGNED NOT NULL,
  `name` varchar(191) COLLATE utf8mb4_unicode_ci NOT NULL,
  `business_id` int(10) UNSIGNED NOT NULL,
  `short_code` varchar(191) COLLATE utf8mb4_unicode_ci DEFAULT NULL,
  `parent_id` int(11) NOT NULL,
  `created_by` int(10) UNSIGNED NOT NULL,
  `deleted_at` timestamp NULL DEFAULT NULL,
  `created_at` timestamp NULL DEFAULT NULL,
  `updated_at` timestamp NULL DEFAULT NULL
) ENGINE=InnoDB DEFAULT CHARSET=utf8mb4 COLLATE=utf8mb4_unicode_ci;

--
-- Dumping data for table `categories`
--

INSERT INTO `categories` (`id`, `name`, `business_id`, `short_code`, `parent_id`, `created_by`, `deleted_at`, `created_at`, `updated_at`) VALUES
(7, 'فطائر', 1, NULL, 0, 1, NULL, '2019-05-17 15:05:05', '2019-05-17 15:05:05'),
(8, 'الأصابع', 1, NULL, 0, 1, NULL, '2019-05-17 15:05:12', '2019-05-17 15:05:12'),
(9, 'الحلى', 1, NULL, 0, 1, NULL, '2019-05-17 15:05:20', '2019-05-17 15:05:20'),
(10, 'الصلصات', 1, NULL, 0, 1, NULL, '2019-05-17 15:05:27', '2019-05-17 15:05:27'),
(11, 'المشروبات', 1, NULL, 0, 1, NULL, '2019-05-17 15:05:35', '2019-05-17 15:05:35');

-- --------------------------------------------------------

--
-- Table structure for table `contacts`
--

CREATE TABLE `contacts` (
  `id` int(10) UNSIGNED NOT NULL,
  `business_id` int(10) UNSIGNED NOT NULL,
  `type` enum('supplier','customer','both') COLLATE utf8mb4_unicode_ci NOT NULL,
  `supplier_business_name` varchar(191) COLLATE utf8mb4_unicode_ci DEFAULT NULL,
  `name` varchar(191) COLLATE utf8mb4_unicode_ci NOT NULL,
  `email` varchar(191) COLLATE utf8mb4_unicode_ci DEFAULT NULL,
  `contact_id` varchar(191) COLLATE utf8mb4_unicode_ci DEFAULT NULL,
  `tax_number` varchar(191) COLLATE utf8mb4_unicode_ci DEFAULT NULL,
  `city` varchar(191) COLLATE utf8mb4_unicode_ci DEFAULT NULL,
  `state` varchar(191) COLLATE utf8mb4_unicode_ci DEFAULT NULL,
  `country` varchar(191) COLLATE utf8mb4_unicode_ci DEFAULT NULL,
  `landmark` varchar(191) COLLATE utf8mb4_unicode_ci DEFAULT NULL,
  `mobile` varchar(191) COLLATE utf8mb4_unicode_ci NOT NULL,
  `landline` varchar(191) COLLATE utf8mb4_unicode_ci DEFAULT NULL,
  `alternate_number` varchar(191) COLLATE utf8mb4_unicode_ci DEFAULT NULL,
  `pay_term_number` int(11) DEFAULT NULL,
  `pay_term_type` enum('days','months') COLLATE utf8mb4_unicode_ci DEFAULT NULL,
  `credit_limit` decimal(20,2) DEFAULT NULL,
  `created_by` int(10) UNSIGNED NOT NULL,
  `is_default` tinyint(1) NOT NULL DEFAULT '0',
  `customer_group_id` int(11) DEFAULT NULL,
  `custom_field1` varchar(191) COLLATE utf8mb4_unicode_ci DEFAULT NULL,
  `custom_field2` varchar(191) COLLATE utf8mb4_unicode_ci DEFAULT NULL,
  `custom_field3` varchar(191) COLLATE utf8mb4_unicode_ci DEFAULT NULL,
  `custom_field4` varchar(191) COLLATE utf8mb4_unicode_ci DEFAULT NULL,
  `deleted_at` timestamp NULL DEFAULT NULL,
  `created_at` timestamp NULL DEFAULT NULL,
  `updated_at` timestamp NULL DEFAULT NULL
) ENGINE=InnoDB DEFAULT CHARSET=utf8mb4 COLLATE=utf8mb4_unicode_ci;

--
-- Dumping data for table `contacts`
--

INSERT INTO `contacts` (`id`, `business_id`, `type`, `supplier_business_name`, `name`, `email`, `contact_id`, `tax_number`, `city`, `state`, `country`, `landmark`, `mobile`, `landline`, `alternate_number`, `pay_term_number`, `pay_term_type`, `credit_limit`, `created_by`, `is_default`, `customer_group_id`, `custom_field1`, `custom_field2`, `custom_field3`, `custom_field4`, `deleted_at`, `created_at`, `updated_at`) VALUES
(1, 1, 'customer', NULL, 'Walk-In Customer', NULL, 'CO0001', NULL, NULL, NULL, NULL, NULL, '', NULL, NULL, NULL, NULL, NULL, 1, 1, NULL, NULL, NULL, NULL, NULL, NULL, '2018-10-01 09:42:53', '2018-10-01 09:42:53');

-- --------------------------------------------------------

--
-- Table structure for table `currencies`
--

CREATE TABLE `currencies` (
  `id` int(10) UNSIGNED NOT NULL,
  `country` varchar(100) COLLATE utf8mb4_unicode_ci NOT NULL,
  `currency` varchar(100) COLLATE utf8mb4_unicode_ci NOT NULL,
  `code` varchar(25) COLLATE utf8mb4_unicode_ci NOT NULL,
  `symbol` varchar(25) COLLATE utf8mb4_unicode_ci NOT NULL,
  `thousand_separator` varchar(10) COLLATE utf8mb4_unicode_ci NOT NULL,
  `decimal_separator` varchar(10) COLLATE utf8mb4_unicode_ci NOT NULL,
  `created_at` timestamp NULL DEFAULT NULL,
  `updated_at` timestamp NULL DEFAULT NULL
) ENGINE=InnoDB DEFAULT CHARSET=utf8mb4 COLLATE=utf8mb4_unicode_ci;

--
-- Dumping data for table `currencies`
--

INSERT INTO `currencies` (`id`, `country`, `currency`, `code`, `symbol`, `thousand_separator`, `decimal_separator`, `created_at`, `updated_at`) VALUES
(1, 'Albania', 'Leke', 'ALL', 'Lek', ',', '.', NULL, NULL),
(2, 'America', 'Dollars', 'USD', '$', ',', '.', NULL, NULL),
(3, 'Afghanistan', 'Afghanis', 'AF', '؋', ',', '.', NULL, NULL),
(4, 'Argentina', 'Pesos', 'ARS', '$', ',', '.', NULL, NULL),
(5, 'Aruba', 'Guilders', 'AWG', 'ƒ', ',', '.', NULL, NULL),
(6, 'Australia', 'Dollars', 'AUD', '$', ',', '.', NULL, NULL),
(7, 'Azerbaijan', 'New Manats', 'AZ', 'ман', ',', '.', NULL, NULL),
(8, 'Bahamas', 'Dollars', 'BSD', '$', ',', '.', NULL, NULL),
(9, 'Barbados', 'Dollars', 'BBD', '$', ',', '.', NULL, NULL),
(10, 'Belarus', 'Rubles', 'BYR', 'p.', ',', '.', NULL, NULL),
(11, 'Belgium', 'Euro', 'EUR', '€', ',', '.', NULL, NULL),
(12, 'Beliz', 'Dollars', 'BZD', 'BZ$', ',', '.', NULL, NULL),
(13, 'Bermuda', 'Dollars', 'BMD', '$', ',', '.', NULL, NULL),
(14, 'Bolivia', 'Bolivianos', 'BOB', '$b', ',', '.', NULL, NULL),
(15, 'Bosnia and Herzegovina', 'Convertible Marka', 'BAM', 'KM', ',', '.', NULL, NULL),
(16, 'Botswana', 'Pula\'s', 'BWP', 'P', ',', '.', NULL, NULL),
(17, 'Bulgaria', 'Leva', 'BG', 'лв', ',', '.', NULL, NULL),
(18, 'Brazil', 'Reais', 'BRL', 'R$', ',', '.', NULL, NULL),
(19, 'Britain [United Kingdom]', 'Pounds', 'GBP', '£', ',', '.', NULL, NULL),
(20, 'Brunei Darussalam', 'Dollars', 'BND', '$', ',', '.', NULL, NULL),
(21, 'Cambodia', 'Riels', 'KHR', '៛', ',', '.', NULL, NULL),
(22, 'Canada', 'Dollars', 'CAD', '$', ',', '.', NULL, NULL),
(23, 'Cayman Islands', 'Dollars', 'KYD', '$', ',', '.', NULL, NULL),
(24, 'Chile', 'Pesos', 'CLP', '$', ',', '.', NULL, NULL),
(25, 'China', 'Yuan Renminbi', 'CNY', '¥', ',', '.', NULL, NULL),
(26, 'Colombia', 'Pesos', 'COP', '$', ',', '.', NULL, NULL),
(27, 'Costa Rica', 'Colón', 'CRC', '₡', ',', '.', NULL, NULL),
(28, 'Croatia', 'Kuna', 'HRK', 'kn', ',', '.', NULL, NULL),
(29, 'Cuba', 'Pesos', 'CUP', '₱', ',', '.', NULL, NULL),
(30, 'Cyprus', 'Euro', 'EUR', '€', '.', ',', NULL, NULL),
(31, 'Czech Republic', 'Koruny', 'CZK', 'Kč', ',', '.', NULL, NULL),
(32, 'Denmark', 'Kroner', 'DKK', 'kr', ',', '.', NULL, NULL),
(33, 'Dominican Republic', 'Pesos', 'DOP ', 'RD$', ',', '.', NULL, NULL),
(34, 'East Caribbean', 'Dollars', 'XCD', '$', ',', '.', NULL, NULL),
(35, 'Egypt', 'Pounds', 'EGP', '£', ',', '.', NULL, NULL),
(36, 'El Salvador', 'Colones', 'SVC', '$', ',', '.', NULL, NULL),
(37, 'England [United Kingdom]', 'Pounds', 'GBP', '£', ',', '.', NULL, NULL),
(38, 'Euro', 'Euro', 'EUR', '€', '.', ',', NULL, NULL),
(39, 'Falkland Islands', 'Pounds', 'FKP', '£', ',', '.', NULL, NULL),
(40, 'Fiji', 'Dollars', 'FJD', '$', ',', '.', NULL, NULL),
(41, 'France', 'Euro', 'EUR', '€', '.', ',', NULL, NULL),
(42, 'Ghana', 'Cedis', 'GHC', '¢', ',', '.', NULL, NULL),
(43, 'Gibraltar', 'Pounds', 'GIP', '£', ',', '.', NULL, NULL),
(44, 'Greece', 'Euro', 'EUR', '€', '.', ',', NULL, NULL),
(45, 'Guatemala', 'Quetzales', 'GTQ', 'Q', ',', '.', NULL, NULL),
(46, 'Guernsey', 'Pounds', 'GGP', '£', ',', '.', NULL, NULL),
(47, 'Guyana', 'Dollars', 'GYD', '$', ',', '.', NULL, NULL),
(48, 'Holland [Netherlands]', 'Euro', 'EUR', '€', '.', ',', NULL, NULL),
(49, 'Honduras', 'Lempiras', 'HNL', 'L', ',', '.', NULL, NULL),
(50, 'Hong Kong', 'Dollars', 'HKD', '$', ',', '.', NULL, NULL),
(51, 'Hungary', 'Forint', 'HUF', 'Ft', ',', '.', NULL, NULL),
(52, 'Iceland', 'Kronur', 'ISK', 'kr', ',', '.', NULL, NULL),
(53, 'India', 'Rupees', 'INR', '₹', ',', '.', NULL, NULL),
(54, 'Indonesia', 'Rupiahs', 'IDR', 'Rp', ',', '.', NULL, NULL),
(55, 'Iran', 'Rials', 'IRR', '﷼', ',', '.', NULL, NULL),
(56, 'Ireland', 'Euro', 'EUR', '€', '.', ',', NULL, NULL),
(57, 'Isle of Man', 'Pounds', 'IMP', '£', ',', '.', NULL, NULL),
(58, 'Israel', 'New Shekels', 'ILS', '₪', ',', '.', NULL, NULL),
(59, 'Italy', 'Euro', 'EUR', '€', '.', ',', NULL, NULL),
(60, 'Jamaica', 'Dollars', 'JMD', 'J$', ',', '.', NULL, NULL),
(61, 'Japan', 'Yen', 'JPY', '¥', ',', '.', NULL, NULL),
(62, 'Jersey', 'Pounds', 'JEP', '£', ',', '.', NULL, NULL),
(63, 'Kazakhstan', 'Tenge', 'KZT', 'лв', ',', '.', NULL, NULL),
(64, 'Korea [North]', 'Won', 'KPW', '₩', ',', '.', NULL, NULL),
(65, 'Korea [South]', 'Won', 'KRW', '₩', ',', '.', NULL, NULL),
(66, 'Kyrgyzstan', 'Soms', 'KGS', 'лв', ',', '.', NULL, NULL),
(67, 'Laos', 'Kips', 'LAK', '₭', ',', '.', NULL, NULL),
(68, 'Latvia', 'Lati', 'LVL', 'Ls', ',', '.', NULL, NULL),
(69, 'Lebanon', 'Pounds', 'LBP', '£', ',', '.', NULL, NULL),
(70, 'Liberia', 'Dollars', 'LRD', '$', ',', '.', NULL, NULL),
(71, 'Liechtenstein', 'Switzerland Francs', 'CHF', 'CHF', ',', '.', NULL, NULL),
(72, 'Lithuania', 'Litai', 'LTL', 'Lt', ',', '.', NULL, NULL),
(73, 'Luxembourg', 'Euro', 'EUR', '€', '.', ',', NULL, NULL),
(74, 'Macedonia', 'Denars', 'MKD', 'ден', ',', '.', NULL, NULL),
(75, 'Malaysia', 'Ringgits', 'MYR', 'RM', ',', '.', NULL, NULL),
(76, 'Malta', 'Euro', 'EUR', '€', '.', ',', NULL, NULL),
(77, 'Mauritius', 'Rupees', 'MUR', '₨', ',', '.', NULL, NULL),
(78, 'Mexico', 'Pesos', 'MX', '$', ',', '.', NULL, NULL),
(79, 'Mongolia', 'Tugriks', 'MNT', '₮', ',', '.', NULL, NULL),
(80, 'Mozambique', 'Meticais', 'MZ', 'MT', ',', '.', NULL, NULL),
(81, 'Namibia', 'Dollars', 'NAD', '$', ',', '.', NULL, NULL),
(82, 'Nepal', 'Rupees', 'NPR', '₨', ',', '.', NULL, NULL),
(83, 'Netherlands Antilles', 'Guilders', 'ANG', 'ƒ', ',', '.', NULL, NULL),
(84, 'Netherlands', 'Euro', 'EUR', '€', '.', ',', NULL, NULL),
(85, 'New Zealand', 'Dollars', 'NZD', '$', ',', '.', NULL, NULL),
(86, 'Nicaragua', 'Cordobas', 'NIO', 'C$', ',', '.', NULL, NULL),
(87, 'Nigeria', 'Nairas', 'NG', '₦', ',', '.', NULL, NULL),
(88, 'North Korea', 'Won', 'KPW', '₩', ',', '.', NULL, NULL),
(89, 'Norway', 'Krone', 'NOK', 'kr', ',', '.', NULL, NULL),
(90, 'Oman', 'Rials', 'OMR', '﷼', ',', '.', NULL, NULL),
(91, 'Pakistan', 'Rupees', 'PKR', '₨', ',', '.', NULL, NULL),
(92, 'Panama', 'Balboa', 'PAB', 'B/.', ',', '.', NULL, NULL),
(93, 'Paraguay', 'Guarani', 'PYG', 'Gs', ',', '.', NULL, NULL),
(94, 'Peru', 'Nuevos Soles', 'PE', 'S/.', ',', '.', NULL, NULL),
(95, 'Philippines', 'Pesos', 'PHP', 'Php', ',', '.', NULL, NULL),
(96, 'Poland', 'Zlotych', 'PL', 'zł', ',', '.', NULL, NULL),
(97, 'Qatar', 'Rials', 'QAR', '﷼', ',', '.', NULL, NULL),
(98, 'Romania', 'New Lei', 'RO', 'lei', ',', '.', NULL, NULL),
(99, 'Russia', 'Rubles', 'RUB', 'руб', ',', '.', NULL, NULL),
(100, 'Saint Helena', 'Pounds', 'SHP', '£', ',', '.', NULL, NULL),
(101, 'Saudi Arabia', 'Riyals', 'SAR', '﷼', ',', '.', NULL, NULL),
(102, 'Serbia', 'Dinars', 'RSD', 'Дин.', ',', '.', NULL, NULL),
(103, 'Seychelles', 'Rupees', 'SCR', '₨', ',', '.', NULL, NULL),
(104, 'Singapore', 'Dollars', 'SGD', '$', ',', '.', NULL, NULL),
(105, 'Slovenia', 'Euro', 'EUR', '€', '.', ',', NULL, NULL),
(106, 'Solomon Islands', 'Dollars', 'SBD', '$', ',', '.', NULL, NULL),
(107, 'Somalia', 'Shillings', 'SOS', 'S', ',', '.', NULL, NULL),
(108, 'South Africa', 'Rand', 'ZAR', 'R', ',', '.', NULL, NULL),
(109, 'South Korea', 'Won', 'KRW', '₩', ',', '.', NULL, NULL),
(110, 'Spain', 'Euro', 'EUR', '€', '.', ',', NULL, NULL),
(111, 'Sri Lanka', 'Rupees', 'LKR', '₨', ',', '.', NULL, NULL),
(112, 'Sweden', 'Kronor', 'SEK', 'kr', ',', '.', NULL, NULL),
(113, 'Switzerland', 'Francs', 'CHF', 'CHF', ',', '.', NULL, NULL),
(114, 'Suriname', 'Dollars', 'SRD', '$', ',', '.', NULL, NULL),
(115, 'Syria', 'Pounds', 'SYP', '£', ',', '.', NULL, NULL),
(116, 'Taiwan', 'New Dollars', 'TWD', 'NT$', ',', '.', NULL, NULL),
(117, 'Thailand', 'Baht', 'THB', '฿', ',', '.', NULL, NULL),
(118, 'Trinidad and Tobago', 'Dollars', 'TTD', 'TT$', ',', '.', NULL, NULL),
(119, 'Turkey', 'Lira', 'TRY', 'TL', ',', '.', NULL, NULL),
(120, 'Turkey', 'Liras', 'TRL', '£', ',', '.', NULL, NULL),
(121, 'Tuvalu', 'Dollars', 'TVD', '$', ',', '.', NULL, NULL),
(122, 'Ukraine', 'Hryvnia', 'UAH', '₴', ',', '.', NULL, NULL),
(123, 'United Kingdom', 'Pounds', 'GBP', '£', ',', '.', NULL, NULL),
(124, 'United States of America', 'Dollars', 'USD', '$', ',', '.', NULL, NULL),
(125, 'Uruguay', 'Pesos', 'UYU', '$U', ',', '.', NULL, NULL),
(126, 'Uzbekistan', 'Sums', 'UZS', 'лв', ',', '.', NULL, NULL),
(127, 'Vatican City', 'Euro', 'EUR', '€', '.', ',', NULL, NULL),
(128, 'Venezuela', 'Bolivares Fuertes', 'VEF', 'Bs', ',', '.', NULL, NULL),
(129, 'Vietnam', 'Dong', 'VND', '₫', ',', '.', NULL, NULL),
(130, 'Yemen', 'Rials', 'YER', '﷼', ',', '.', NULL, NULL),
(131, 'Zimbabwe', 'Zimbabwe Dollars', 'ZWD', 'Z$', ',', '.', NULL, NULL),
(132, 'Iraq', 'Iraqi dinar', 'IQD', 'د.ع', ',', '.', NULL, NULL),
(133, 'Kenya', 'Kenyan shilling', 'KES', 'KSh', ',', '.', NULL, NULL),
(134, 'Bangladesh', 'Taka', 'BDT', '৳', ',', '.', NULL, NULL),
(135, 'Algerie', 'Algerian dinar', 'DZD', 'د.ج', ' ', '.', NULL, NULL),
(136, 'United Arab Emirates', 'United Arab Emirates dirham', 'AED', 'د.إ', ',', '.', NULL, NULL);

-- --------------------------------------------------------

--
-- Table structure for table `customer_groups`
--

CREATE TABLE `customer_groups` (
  `id` int(10) UNSIGNED NOT NULL,
  `business_id` int(10) UNSIGNED NOT NULL,
  `name` varchar(191) COLLATE utf8mb4_unicode_ci NOT NULL,
  `amount` double(5,2) NOT NULL,
  `created_by` int(10) UNSIGNED NOT NULL,
  `created_at` timestamp NULL DEFAULT NULL,
  `updated_at` timestamp NULL DEFAULT NULL
) ENGINE=InnoDB DEFAULT CHARSET=utf8mb4 COLLATE=utf8mb4_unicode_ci;

-- --------------------------------------------------------

--
-- Table structure for table `expense_categories`
--

CREATE TABLE `expense_categories` (
  `id` int(10) UNSIGNED NOT NULL,
  `name` varchar(191) COLLATE utf8mb4_unicode_ci NOT NULL,
  `business_id` int(10) UNSIGNED NOT NULL,
  `code` varchar(191) COLLATE utf8mb4_unicode_ci DEFAULT NULL,
  `deleted_at` timestamp NULL DEFAULT NULL,
  `created_at` timestamp NULL DEFAULT NULL,
  `updated_at` timestamp NULL DEFAULT NULL
) ENGINE=InnoDB DEFAULT CHARSET=utf8mb4 COLLATE=utf8mb4_unicode_ci;

-- --------------------------------------------------------

--
-- Table structure for table `group_sub_taxes`
--

CREATE TABLE `group_sub_taxes` (
  `group_tax_id` int(10) UNSIGNED NOT NULL,
  `tax_id` int(10) UNSIGNED NOT NULL
) ENGINE=InnoDB DEFAULT CHARSET=utf8mb4 COLLATE=utf8mb4_unicode_ci;

-- --------------------------------------------------------

--
-- Table structure for table `invoice_layouts`
--

CREATE TABLE `invoice_layouts` (
  `id` int(10) UNSIGNED NOT NULL,
  `name` varchar(191) COLLATE utf8mb4_unicode_ci NOT NULL,
  `header_text` text COLLATE utf8mb4_unicode_ci,
  `invoice_no_prefix` varchar(191) COLLATE utf8mb4_unicode_ci DEFAULT NULL,
  `quotation_no_prefix` varchar(191) COLLATE utf8mb4_unicode_ci DEFAULT NULL,
  `invoice_heading` varchar(191) COLLATE utf8mb4_unicode_ci DEFAULT NULL,
  `sub_heading_line1` varchar(191) COLLATE utf8mb4_unicode_ci DEFAULT NULL,
  `sub_heading_line2` varchar(191) COLLATE utf8mb4_unicode_ci DEFAULT NULL,
  `sub_heading_line3` varchar(191) COLLATE utf8mb4_unicode_ci DEFAULT NULL,
  `sub_heading_line4` varchar(191) COLLATE utf8mb4_unicode_ci DEFAULT NULL,
  `sub_heading_line5` varchar(191) COLLATE utf8mb4_unicode_ci DEFAULT NULL,
  `invoice_heading_not_paid` varchar(191) COLLATE utf8mb4_unicode_ci DEFAULT NULL,
  `invoice_heading_paid` varchar(191) COLLATE utf8mb4_unicode_ci DEFAULT NULL,
  `quotation_heading` varchar(191) COLLATE utf8mb4_unicode_ci DEFAULT NULL,
  `sub_total_label` varchar(191) COLLATE utf8mb4_unicode_ci DEFAULT NULL,
  `discount_label` varchar(191) COLLATE utf8mb4_unicode_ci DEFAULT NULL,
  `tax_label` varchar(191) COLLATE utf8mb4_unicode_ci DEFAULT NULL,
  `total_label` varchar(191) COLLATE utf8mb4_unicode_ci DEFAULT NULL,
  `total_due_label` varchar(191) COLLATE utf8mb4_unicode_ci DEFAULT NULL,
  `paid_label` varchar(191) COLLATE utf8mb4_unicode_ci DEFAULT NULL,
  `show_client_id` tinyint(1) NOT NULL DEFAULT '0',
  `client_id_label` varchar(191) COLLATE utf8mb4_unicode_ci DEFAULT NULL,
  `client_tax_label` varchar(191) COLLATE utf8mb4_unicode_ci DEFAULT NULL,
  `date_label` varchar(191) COLLATE utf8mb4_unicode_ci DEFAULT NULL,
  `show_time` tinyint(1) NOT NULL DEFAULT '1',
  `show_brand` tinyint(1) NOT NULL DEFAULT '0',
  `show_sku` tinyint(1) NOT NULL DEFAULT '1',
  `show_cat_code` tinyint(1) NOT NULL DEFAULT '1',
  `show_expiry` tinyint(1) NOT NULL DEFAULT '0',
  `show_lot` tinyint(1) NOT NULL DEFAULT '0',
  `show_sale_description` tinyint(1) NOT NULL DEFAULT '0',
  `sales_person_label` varchar(191) COLLATE utf8mb4_unicode_ci DEFAULT NULL,
  `show_sales_person` tinyint(1) NOT NULL DEFAULT '0',
  `table_product_label` varchar(191) COLLATE utf8mb4_unicode_ci DEFAULT NULL,
  `table_qty_label` varchar(191) COLLATE utf8mb4_unicode_ci DEFAULT NULL,
  `table_unit_price_label` varchar(191) COLLATE utf8mb4_unicode_ci DEFAULT NULL,
  `table_subtotal_label` varchar(191) COLLATE utf8mb4_unicode_ci DEFAULT NULL,
  `cat_code_label` varchar(191) COLLATE utf8mb4_unicode_ci DEFAULT NULL,
  `logo` varchar(191) COLLATE utf8mb4_unicode_ci DEFAULT NULL,
  `show_logo` tinyint(1) NOT NULL DEFAULT '0',
  `show_business_name` tinyint(1) NOT NULL DEFAULT '0',
  `show_location_name` tinyint(1) NOT NULL DEFAULT '1',
  `show_landmark` tinyint(1) NOT NULL DEFAULT '1',
  `show_city` tinyint(1) NOT NULL DEFAULT '1',
  `show_state` tinyint(1) NOT NULL DEFAULT '1',
  `show_zip_code` tinyint(1) NOT NULL DEFAULT '1',
  `show_country` tinyint(1) NOT NULL DEFAULT '1',
  `show_mobile_number` tinyint(1) NOT NULL DEFAULT '1',
  `show_alternate_number` tinyint(1) NOT NULL DEFAULT '0',
  `show_email` tinyint(1) NOT NULL DEFAULT '0',
  `show_tax_1` tinyint(1) NOT NULL DEFAULT '1',
  `show_tax_2` tinyint(1) NOT NULL DEFAULT '0',
  `show_barcode` tinyint(1) NOT NULL DEFAULT '0',
  `show_payments` tinyint(1) NOT NULL DEFAULT '0',
  `show_customer` tinyint(1) NOT NULL DEFAULT '0',
  `customer_label` varchar(191) COLLATE utf8mb4_unicode_ci DEFAULT NULL,
  `highlight_color` varchar(10) COLLATE utf8mb4_unicode_ci DEFAULT NULL,
  `footer_text` text COLLATE utf8mb4_unicode_ci,
  `module_info` text COLLATE utf8mb4_unicode_ci,
  `is_default` tinyint(1) NOT NULL DEFAULT '0',
  `business_id` int(10) UNSIGNED NOT NULL,
  `design` varchar(256) COLLATE utf8mb4_unicode_ci DEFAULT 'classic',
  `cn_heading` varchar(191) COLLATE utf8mb4_unicode_ci DEFAULT NULL COMMENT 'cn = credit note',
  `cn_no_label` varchar(191) COLLATE utf8mb4_unicode_ci DEFAULT NULL,
  `cn_amount_label` varchar(191) COLLATE utf8mb4_unicode_ci DEFAULT NULL,
  `created_at` timestamp NULL DEFAULT NULL,
  `updated_at` timestamp NULL DEFAULT NULL
) ENGINE=InnoDB DEFAULT CHARSET=utf8mb4 COLLATE=utf8mb4_unicode_ci;

--
-- Dumping data for table `invoice_layouts`
--

INSERT INTO `invoice_layouts` (`id`, `name`, `header_text`, `invoice_no_prefix`, `quotation_no_prefix`, `invoice_heading`, `sub_heading_line1`, `sub_heading_line2`, `sub_heading_line3`, `sub_heading_line4`, `sub_heading_line5`, `invoice_heading_not_paid`, `invoice_heading_paid`, `quotation_heading`, `sub_total_label`, `discount_label`, `tax_label`, `total_label`, `total_due_label`, `paid_label`, `show_client_id`, `client_id_label`, `client_tax_label`, `date_label`, `show_time`, `show_brand`, `show_sku`, `show_cat_code`, `show_expiry`, `show_lot`, `show_sale_description`, `sales_person_label`, `show_sales_person`, `table_product_label`, `table_qty_label`, `table_unit_price_label`, `table_subtotal_label`, `cat_code_label`, `logo`, `show_logo`, `show_business_name`, `show_location_name`, `show_landmark`, `show_city`, `show_state`, `show_zip_code`, `show_country`, `show_mobile_number`, `show_alternate_number`, `show_email`, `show_tax_1`, `show_tax_2`, `show_barcode`, `show_payments`, `show_customer`, `customer_label`, `highlight_color`, `footer_text`, `module_info`, `is_default`, `business_id`, `design`, `cn_heading`, `cn_no_label`, `cn_amount_label`, `created_at`, `updated_at`) VALUES
(1, 'Default', NULL, 'رقم الفاتورة:', NULL, 'شركة مذاق العجينة المحدودة', 'الرقم الضريبي: 310196752900003 ', NULL, NULL, NULL, NULL, NULL, NULL, 'س.ت 1010436941', 'المجموع (ريال)', 'الخصم', 'الضريبة', 'المجموع', NULL, NULL, 0, NULL, NULL, 'تاريخ:', 1, 0, 0, 0, 0, 0, 0, NULL, 0, 'المنتجات', 'الكمية', NULL, 'السعر', NULL, 'igORCTo8QftyKoieLBAtGf9Pkp2KIHD8V4Ul3AWv.png', 0, 0, 1, 1, 1, 0, 1, 1, 1, 0, 0, 1, 0, 0, 0, 0, NULL, '#000000', NULL, '{\"tables\":{\"table_label\":null}}', 1, 1, 'classic', NULL, NULL, NULL, '2018-10-01 09:42:53', '2019-05-18 12:30:49');

-- --------------------------------------------------------

--
-- Table structure for table `invoice_schemes`
--

CREATE TABLE `invoice_schemes` (
  `id` int(10) UNSIGNED NOT NULL,
  `business_id` int(10) UNSIGNED NOT NULL,
  `name` varchar(191) COLLATE utf8mb4_unicode_ci NOT NULL,
  `scheme_type` enum('blank','year') COLLATE utf8mb4_unicode_ci NOT NULL,
  `prefix` varchar(191) COLLATE utf8mb4_unicode_ci DEFAULT NULL,
  `start_number` int(11) DEFAULT NULL,
  `invoice_count` int(11) NOT NULL DEFAULT '0',
  `total_digits` int(11) DEFAULT NULL,
  `is_default` tinyint(1) NOT NULL DEFAULT '0',
  `created_at` timestamp NULL DEFAULT NULL,
  `updated_at` timestamp NULL DEFAULT NULL
) ENGINE=InnoDB DEFAULT CHARSET=utf8mb4 COLLATE=utf8mb4_unicode_ci;

--
-- Dumping data for table `invoice_schemes`
--

INSERT INTO `invoice_schemes` (`id`, `business_id`, `name`, `scheme_type`, `prefix`, `start_number`, `invoice_count`, `total_digits`, `is_default`, `created_at`, `updated_at`) VALUES
(1, 1, 'Default', 'blank', '', 1, 77, 4, 1, '2018-10-01 09:42:53', '2019-05-18 12:34:46');

-- --------------------------------------------------------

--
-- Table structure for table `menu_designs`
--

CREATE TABLE `menu_designs` (
  `id` int(10) UNSIGNED NOT NULL,
  `code` varchar(191) COLLATE utf8mb4_unicode_ci NOT NULL,
  `desc` varchar(191) COLLATE utf8mb4_unicode_ci DEFAULT NULL,
  `is_active` tinyint(1) NOT NULL DEFAULT '1',
  `remarks` varchar(191) COLLATE utf8mb4_unicode_ci DEFAULT NULL,
  `created_at` timestamp NULL DEFAULT NULL,
  `updated_at` timestamp NULL DEFAULT NULL
) ENGINE=InnoDB DEFAULT CHARSET=utf8mb4 COLLATE=utf8mb4_unicode_ci;

--
-- Dumping data for table `menu_designs`
--

INSERT INTO `menu_designs` (`id`, `code`, `desc`, `is_active`, `remarks`, `created_at`, `updated_at`) VALUES
(1, '', 'desc', 1, NULL, '2019-05-17 18:10:20', '2019-05-17 18:10:20');

-- --------------------------------------------------------

--
-- Table structure for table `menu_design_details`
--

CREATE TABLE `menu_design_details` (
  `id` int(10) UNSIGNED NOT NULL,
  `menu_design_id` int(10) UNSIGNED DEFAULT NULL,
  `seq` int(11) DEFAULT NULL,
  `type` enum('category','product') COLLATE utf8mb4_unicode_ci NOT NULL DEFAULT 'product',
  `product_id` int(10) UNSIGNED DEFAULT NULL,
  `category_id` int(10) UNSIGNED DEFAULT NULL,
  `show_type` enum('text','image') COLLATE utf8mb4_unicode_ci NOT NULL DEFAULT 'text',
  `image_path` varchar(191) COLLATE utf8mb4_unicode_ci DEFAULT NULL,
  `text_bg_color` varchar(191) COLLATE utf8mb4_unicode_ci DEFAULT NULL,
  `text_fg_color` varchar(191) COLLATE utf8mb4_unicode_ci DEFAULT NULL,
  `created_at` timestamp NULL DEFAULT NULL,
  `updated_at` timestamp NULL DEFAULT NULL
) ENGINE=InnoDB DEFAULT CHARSET=utf8mb4 COLLATE=utf8mb4_unicode_ci;

--
-- Dumping data for table `menu_design_details`
--

INSERT INTO `menu_design_details` (`id`, `menu_design_id`, `seq`, `type`, `product_id`, `category_id`, `show_type`, `image_path`, `text_bg_color`, `text_fg_color`, `created_at`, `updated_at`) VALUES
(9, 1, NULL, 'category', NULL, 7, 'text', NULL, '#d27f33', '#fff', '2019-05-17 18:15:25', '2019-05-17 18:15:25'),
(10, 1, NULL, 'category', NULL, 8, 'text', NULL, '#2c1f0c', '#fff', '2019-05-17 18:15:53', '2019-05-17 18:15:53'),
(11, 1, NULL, 'category', NULL, 9, 'text', NULL, '#596979', '#fff', '2019-05-17 18:16:16', '2019-05-17 18:16:16'),
(12, 1, NULL, 'category', NULL, 10, 'text', NULL, '#b38d9c', '#fff', '2019-05-17 18:16:34', '2019-05-17 18:16:34'),
(13, 1, NULL, 'category', NULL, 11, 'text', NULL, '#a0928a', '#fff', '2019-05-17 18:17:02', '2019-05-17 18:17:02');

-- --------------------------------------------------------

--
-- Table structure for table `migrations`
--

CREATE TABLE `migrations` (
  `id` int(10) UNSIGNED NOT NULL,
  `migration` varchar(191) COLLATE utf8mb4_unicode_ci NOT NULL,
  `batch` int(11) NOT NULL
) ENGINE=InnoDB DEFAULT CHARSET=utf8mb4 COLLATE=utf8mb4_unicode_ci;

--
-- Dumping data for table `migrations`
--

INSERT INTO `migrations` (`id`, `migration`, `batch`) VALUES
(1, '2014_10_12_000000_create_users_table', 1),
(2, '2014_10_12_100000_create_password_resets_table', 1),
(3, '2017_07_05_071953_create_currencies_table', 1),
(4, '2017_07_05_073658_create_business_table', 1),
(5, '2017_07_22_075923_add_business_id_users_table', 1),
(6, '2017_07_23_113209_create_brands_table', 1),
(7, '2017_07_26_083429_create_permission_tables', 1),
(8, '2017_07_26_110000_create_tax_rates_table', 1),
(9, '2017_07_26_122313_create_units_table', 1),
(10, '2017_07_27_075706_create_contacts_table', 1),
(11, '2017_08_04_071038_create_categories_table', 1),
(12, '2017_08_08_115903_create_products_table', 1),
(13, '2017_08_09_061616_create_variation_templates_table', 1),
(14, '2017_08_09_061638_create_variation_value_templates_table', 1),
(15, '2017_08_10_061146_create_product_variations_table', 1),
(16, '2017_08_10_061216_create_variations_table', 1),
(17, '2017_08_19_054827_create_transactions_table', 1),
(18, '2017_08_31_073533_create_purchase_lines_table', 1),
(19, '2017_10_15_064638_create_transaction_payments_table', 1),
(20, '2017_10_31_065621_add_default_sales_tax_to_business_table', 1),
(21, '2017_11_20_051930_create_table_group_sub_taxes', 1),
(22, '2017_11_20_063603_create_transaction_sell_lines', 1),
(23, '2017_11_21_064540_create_barcodes_table', 1),
(24, '2017_11_23_181237_create_invoice_schemes_table', 1),
(25, '2017_12_25_122822_create_business_locations_table', 1),
(26, '2017_12_25_160253_add_location_id_to_transactions_table', 1),
(27, '2017_12_25_163227_create_variation_location_details_table', 1),
(28, '2018_01_04_115627_create_sessions_table', 1),
(29, '2018_01_05_112817_create_invoice_layouts_table', 1),
(30, '2018_01_06_112303_add_invoice_scheme_id_and_invoice_layout_id_to_business_locations', 1),
(31, '2018_01_08_104124_create_expense_categories_table', 1),
(32, '2018_01_08_123327_modify_transactions_table_for_expenses', 1),
(33, '2018_01_09_111005_modify_payment_status_in_transactions_table', 1),
(34, '2018_01_09_111109_add_paid_on_column_to_transaction_payments_table', 1),
(35, '2018_01_25_172439_add_printer_related_fields_to_business_locations_table', 1),
(36, '2018_01_27_184322_create_printers_table', 1),
(37, '2018_01_30_181442_create_cash_registers_table', 1),
(38, '2018_01_31_125836_create_cash_register_transactions_table', 1),
(39, '2018_02_07_173326_modify_business_table', 1),
(40, '2018_02_08_105425_add_enable_product_expiry_column_to_business_table', 1),
(41, '2018_02_08_111027_add_expiry_period_and_expiry_period_type_columns_to_products_table', 1),
(42, '2018_02_08_131118_add_mfg_date_and_exp_date_purchase_lines_table', 1),
(43, '2018_02_08_155348_add_exchange_rate_to_transactions_table', 1),
(44, '2018_02_09_124945_modify_transaction_payments_table_for_contact_payments', 1),
(45, '2018_02_12_113640_create_transaction_sell_lines_purchase_lines_table', 1),
(46, '2018_02_12_114605_add_quantity_sold_in_purchase_lines_table', 1),
(47, '2018_02_13_183323_alter_decimal_fields_size', 1),
(48, '2018_02_14_161928_add_transaction_edit_days_to_business_table', 1),
(49, '2018_02_15_161032_add_document_column_to_transactions_table', 1),
(50, '2018_02_17_124709_add_more_options_to_invoice_layouts', 1),
(51, '2018_02_19_111517_add_keyboard_shortcut_column_to_business_table', 1),
(52, '2018_02_19_121537_stock_adjustment_move_to_transaction_table', 1),
(53, '2018_02_20_165505_add_is_direct_sale_column_to_transactions_table', 1),
(54, '2018_02_21_105329_create_system_table', 1),
(55, '2018_02_23_100549_version_1_2', 1),
(56, '2018_02_23_125648_add_enable_editing_sp_from_purchase_column_to_business_table', 1),
(57, '2018_02_26_103612_add_sales_commission_agent_column_to_business_table', 1),
(58, '2018_02_26_130519_modify_users_table_for_sales_cmmsn_agnt', 1),
(59, '2018_02_26_134500_add_commission_agent_to_transactions_table', 1),
(60, '2018_02_27_121422_add_item_addition_method_to_business_table', 1),
(61, '2018_02_27_170232_modify_transactions_table_for_stock_transfer', 1),
(62, '2018_03_05_153510_add_enable_inline_tax_column_to_business_table', 1),
(63, '2018_03_06_210206_modify_product_barcode_types', 1),
(64, '2018_03_13_181541_add_expiry_type_to_business_table', 1),
(65, '2018_03_16_113446_product_expiry_setting_for_business', 1),
(66, '2018_03_19_113601_add_business_settings_options', 1),
(67, '2018_03_26_125334_add_pos_settings_to_business_table', 1),
(68, '2018_03_26_165350_create_customer_groups_table', 1),
(69, '2018_03_27_122720_customer_group_related_changes_in_tables', 1),
(70, '2018_03_29_110138_change_tax_field_to_nullable_in_business_table', 1),
(71, '2018_03_29_115502_add_changes_for_sr_number_in_products_and_sale_lines_table', 1),
(72, '2018_03_29_134340_add_inline_discount_fields_in_purchase_lines', 1),
(73, '2018_03_31_140921_update_transactions_table_exchange_rate', 1),
(74, '2018_04_03_103037_add_contact_id_to_contacts_table', 1),
(75, '2018_04_03_122709_add_changes_to_invoice_layouts_table', 1),
(76, '2018_04_09_135320_change_exchage_rate_size_in_business_table', 1),
(77, '2018_04_17_123122_add_lot_number_to_business', 1),
(78, '2018_04_17_160845_add_product_racks_table', 1),
(79, '2018_04_20_182015_create_res_tables_table', 1),
(80, '2018_04_24_105246_restaurant_fields_in_transaction_table', 1),
(81, '2018_04_24_114149_add_enabled_modules_business_table', 1),
(82, '2018_04_24_133704_add_modules_fields_in_invoice_layout_table', 1),
(83, '2018_04_27_132653_quotation_related_change', 1),
(84, '2018_05_02_104439_add_date_format_and_time_format_to_business', 1),
(85, '2018_05_02_111939_add_sell_return_to_transaction_payments', 1),
(86, '2018_05_14_114027_add_rows_positions_for_products', 1),
(87, '2018_05_14_125223_add_weight_to_products_table', 1),
(88, '2018_05_14_164754_add_opening_stock_permission', 1),
(89, '2018_05_15_134729_add_design_to_invoice_layouts', 1),
(90, '2018_05_16_183307_add_tax_fields_invoice_layout', 1),
(91, '2018_05_18_191956_add_sell_return_to_transaction_table', 1),
(92, '2018_05_21_131349_add_custom_fileds_to_contacts_table', 1),
(93, '2018_05_21_131607_invoice_layout_fields_for_sell_return', 1),
(94, '2018_05_21_131949_add_custom_fileds_and_website_to_business_locations_table', 1),
(95, '2018_05_22_123527_create_reference_counts_table', 1),
(96, '2018_05_22_154540_add_ref_no_prefixes_column_to_business_table', 1),
(97, '2018_05_24_132620_add_ref_no_column_to_transaction_payments_table', 1),
(98, '2018_05_24_161026_add_location_id_column_to_business_location_table', 1),
(99, '2018_05_25_180603_create_modifiers_related_table', 1),
(100, '2018_05_29_121714_add_purchase_line_id_to_stock_adjustment_line_table', 1),
(101, '2018_05_31_114645_add_res_order_status_column_to_transactions_table', 1),
(102, '2018_06_05_103530_rename_purchase_line_id_in_stock_adjustment_lines_table', 1),
(103, '2018_06_05_111905_modify_products_table_for_modifiers', 1),
(104, '2018_06_06_110524_add_parent_sell_line_id_column_to_transaction_sell_lines_table', 1),
(105, '2018_06_07_152443_add_is_service_staff_to_roles_table', 1),
(106, '2018_06_07_182258_add_image_field_to_products_table', 1),
(107, '2018_06_13_133705_create_bookings_table', 1),
(108, '2018_06_15_173636_add_email_column_to_contacts_table', 1),
(109, '2018_06_27_182835_add_superadmin_related_fields_business', 1),
(110, '2018_07_10_101913_add_custom_fields_to_products_table', 1),
(111, '2018_07_17_103434_add_sales_person_name_label_to_invoice_layouts_table', 1),
(112, '2018_07_17_120612_change_all_quantity_field_type_to_decimal', 1),
(113, '2018_07_17_163920_add_theme_skin_color_column_to_business_table', 1),
(114, '2018_07_24_152720_create_payment_accounts_table', 1),
(115, '2018_07_24_160319_add_lot_no_line_id_to_transaction_sell_lines_table', 1),
(116, '2018_07_25_110004_add_show_expiry_and_show_lot_colums_to_invoice_layouts_table', 1),
(117, '2018_07_25_172004_add_discount_columns_to_transaction_sell_lines_table', 1),
(118, '2018_07_26_124720_change_design_column_type_in_invoice_layouts_table', 1),
(119, '2018_07_26_170424_add_unit_price_before_discount_column_to_transaction_sell_line_table', 1),
(120, '2018_07_28_103614_add_credit_limit_column_to_contacts_table', 1),
(121, '2018_08_08_110755_add_new_payment_methods_to_transaction_payments_table', 1),
(122, '2018_08_08_122225_modify_cash_register_transactions_table_for_new_payment_methods', 1),
(123, '2018_08_14_104036_add_opening_balance_type_to_transactions_table', 1),
(124, '2018_09_06_114438_create_selling_price_groups_table', 1),
(125, '2018_09_06_154057_create_variation_group_prices_table', 1),
(126, '2018_09_07_102413_add_permission_to_access_default_selling_price', 1),
(127, '2018_09_07_134858_add_selling_price_group_id_to_transactions_table', 1),
(128, '2018_09_10_112448_update_product_type_to_single_if_null_in_products_table', 1),
(129, '2018_10_07_140917_create_pos_devices_table', 2),
(130, '2016_06_01_000001_create_oauth_auth_codes_table', 3),
(131, '2016_06_01_000002_create_oauth_access_tokens_table', 3),
(132, '2016_06_01_000003_create_oauth_refresh_tokens_table', 3),
(133, '2016_06_01_000004_create_oauth_clients_table', 3),
(134, '2016_06_01_000005_create_oauth_personal_access_clients_table', 3),
(135, '2018_09_19_123914_create_notification_templates_table', 3),
(136, '2018_09_22_110504_add_sms_and_email_settings_columns_to_business_table', 3),
(137, '2018_09_24_134942_add_lot_no_line_id_to_stock_adjustment_lines_table', 3),
(138, '2018_09_27_111609_modify_transactions_table_for_purchase_return', 3),
(139, '2018_09_27_131154_add_quantity_returned_column_to_purchase_lines_table', 3),
(140, '2018_10_02_131401_add_return_quantity_column_to_transaction_sell_lines_table', 3),
(141, '2018_10_03_104918_add_qty_returned_column_to_transaction_sell_lines_purchase_lines_table', 3),
(142, '2018_10_03_185947_add_default_notification_templates_to_database', 3),
(143, '2018_10_10_110917_create_modifiers_table', 4),
(144, '2018_10_10_130504_add_variation_product_id_to_products_table', 4),
(145, '2019_04_16_152720_create_sync_logs_table', 5),
(146, '2019_04_29_152443_add_is_exported_to_transactions_table', 5),
(147, '2019_04_29_152443_add_is_meal_to_transaction_sell_lines_table', 5),
(148, '2019_04_29_152720_create_transaction_sell_line_details_table', 5),
(149, '2019_04_30_152443_add_created_opened_by_to_cash_registers_table', 5),
(150, '2019_05_01_152443_add_order_type_to_transactions_table', 5),
(151, '2019_05_02_110138_change_edit_product_from_purch_in_business_table', 5),
(152, '2019_05_05_152444_add_user_type_to_users_table', 5),
(153, '2019_05_12_152443_add_visa_master_mada_amount_to_cash_registers_table', 5),
(154, '2019_05_12_152720_create_menu_designs_table', 5),
(155, '2019_05_12_152820_create_menu_design_details_table', 5),
(156, '2019_05_12_152944_add_menu_design_to_users_table', 5),
(157, '2020_05_12_153443_add_is_on_account_to_transactions_table', 5);

-- --------------------------------------------------------

--
-- Table structure for table `model_has_permissions`
--

CREATE TABLE `model_has_permissions` (
  `permission_id` int(10) UNSIGNED NOT NULL,
  `model_id` int(10) UNSIGNED NOT NULL,
  `model_type` varchar(191) COLLATE utf8mb4_unicode_ci NOT NULL
) ENGINE=InnoDB DEFAULT CHARSET=utf8mb4 COLLATE=utf8mb4_unicode_ci;

-- --------------------------------------------------------

--
-- Table structure for table `model_has_roles`
--

CREATE TABLE `model_has_roles` (
  `role_id` int(10) UNSIGNED NOT NULL,
  `model_id` int(10) UNSIGNED NOT NULL,
  `model_type` varchar(191) COLLATE utf8mb4_unicode_ci NOT NULL
) ENGINE=InnoDB DEFAULT CHARSET=utf8mb4 COLLATE=utf8mb4_unicode_ci;

--
-- Dumping data for table `model_has_roles`
--

INSERT INTO `model_has_roles` (`role_id`, `model_id`, `model_type`) VALUES
(1, 1, 'App\\User'),
(2, 2, 'App\\User'),
(2, 3, 'App\\User'),
(3, 5, 'App\\User');

-- --------------------------------------------------------

--
-- Table structure for table `modifiers`
--

CREATE TABLE `modifiers` (
  `id` int(10) UNSIGNED NOT NULL,
  `product_id` int(10) UNSIGNED DEFAULT NULL,
  `type` enum('basic','variable') COLLATE utf8mb4_unicode_ci NOT NULL DEFAULT 'basic',
  `quantity` int(11) NOT NULL,
  `min_quantity` int(11) NOT NULL,
  `created_at` timestamp NULL DEFAULT CURRENT_TIMESTAMP,
  `updated_at` timestamp NULL DEFAULT CURRENT_TIMESTAMP
) ENGINE=InnoDB DEFAULT CHARSET=utf8mb4 COLLATE=utf8mb4_unicode_ci;

--
-- Dumping data for table `modifiers`
--

INSERT INTO `modifiers` (`id`, `product_id`, `type`, `quantity`, `min_quantity`, `created_at`, `updated_at`) VALUES
(16, NULL, 'variable', 2, 2, NULL, NULL),
(29, NULL, 'variable', 2, 2, NULL, NULL),
(36, NULL, 'variable', 2, 2, NULL, NULL),
(37, NULL, 'variable', 2, 0, NULL, NULL),
(39, NULL, 'variable', 2, 0, NULL, NULL),
(40, NULL, 'variable', 4, 0, NULL, NULL),
(41, NULL, 'variable', 2, 1, '2018-10-15 08:30:49', '2018-10-15 08:30:49'),
(43, NULL, 'variable', 1, 0, '2018-10-28 11:32:51', '2018-10-28 11:32:51'),
(45, NULL, 'variable', 5, 3, '2018-10-30 11:57:54', '2018-10-30 11:57:54'),
(46, NULL, 'variable', 5, 3, '2018-10-30 12:34:19', '2018-10-30 12:34:19'),
(47, NULL, 'variable', 100, 10, '2018-10-30 12:36:02', '2018-10-30 12:36:02'),
(48, NULL, 'variable', 1, 0, '2018-10-30 12:55:22', '2018-10-30 12:55:22'),
(49, NULL, 'variable', 3, 0, '2018-12-06 11:14:05', '2018-12-06 11:14:05'),
(50, NULL, 'variable', 1, 0, '2019-05-17 19:22:15', '2019-05-17 19:22:15');

-- --------------------------------------------------------

--
-- Table structure for table `notification_templates`
--

CREATE TABLE `notification_templates` (
  `id` int(10) UNSIGNED NOT NULL,
  `business_id` int(11) NOT NULL,
  `template_for` varchar(191) COLLATE utf8mb4_unicode_ci NOT NULL,
  `email_body` text COLLATE utf8mb4_unicode_ci,
  `sms_body` text COLLATE utf8mb4_unicode_ci,
  `subject` varchar(191) COLLATE utf8mb4_unicode_ci DEFAULT NULL,
  `auto_send` tinyint(1) NOT NULL DEFAULT '0',
  `created_at` timestamp NULL DEFAULT NULL,
  `updated_at` timestamp NULL DEFAULT NULL
) ENGINE=InnoDB DEFAULT CHARSET=utf8mb4 COLLATE=utf8mb4_unicode_ci;

--
-- Dumping data for table `notification_templates`
--

INSERT INTO `notification_templates` (`id`, `business_id`, `template_for`, `email_body`, `sms_body`, `subject`, `auto_send`, `created_at`, `updated_at`) VALUES
(1, 1, 'new_sale', '<p>Dear {contact_name},</p>\n\n                    <p>Your invoice number is {invoice_number}<br />\n                    Total amount: {total_amount}<br />\n                    Paid amount: {paid_amount}</p>\n\n                    <p>Thank you for shopping with us.</p>\n\n                    <p>{business_logo}</p>\n\n                    <p>&nbsp;</p>', 'Dear {contact_name}, Thank you for shopping with us. {business_name}', 'Thank you from {business_name}', 0, NULL, NULL),
(2, 1, 'payment_received', '<p>Dear {contact_name},</p>\n\n                <p>We have received a payment of {paid_amount}</p>\n\n                <p>{business_logo}</p>', 'Dear {contact_name}, We have received a payment of {paid_amount}. {business_name}', 'Payment Received, from {business_name}', 0, NULL, NULL),
(3, 1, 'payment_reminder', '<p>Dear {contact_name},</p>\n\n                    <p>This is to remind you that you have pending payment of {due_amount}. Kindly pay it as soon as possible.</p>\n\n                    <p>{business_logo}</p>', 'Dear {contact_name}, You have pending payment of {due_amount}. Kindly pay it as soon as possible. {business_name}', 'Payment Reminder, from {business_name}', 0, NULL, NULL),
(4, 1, 'new_booking', '<p>Dear {contact_name},</p>\n\n                    <p>Your booking is confirmed</p>\n\n                    <p>Date: {start_time} to {end_time}</p>\n\n                    <p>Table: {table}</p>\n\n                    <p>Location: {location}</p>\n\n                    <p>{business_logo}</p>', 'Dear {contact_name}, Your booking is confirmed. Date: {start_time} to {end_time}, Table: {table}, Location: {location}', 'Booking Confirmed - {business_name}', 0, NULL, NULL),
(5, 1, 'new_order', '<p>Dear {contact_name},</p>\n\n                    <p>We have a new order with reference number {invoice_number}. Kindly process the products as soon as possible.</p>\n\n                    <p>{business_name}<br />\n                    {business_logo}</p>', 'Dear {contact_name}, We have a new order with reference number {invoice_number}. Kindly process the products as soon as possible. {business_name}', 'New Order, from {business_name}', 0, NULL, NULL),
(6, 1, 'payment_paid', '<p>Dear {contact_name},</p>\n\n                    <p>We have paid amount {paid_amount} again invoice number {invoice_number}.<br />\n                    Kindly note it down.</p>\n\n                    <p>{business_name}<br />\n                    {business_logo}</p>', 'We have paid amount {paid_amount} again invoice number {invoice_number}.\n                    Kindly note it down. {business_name}', 'Payment Paid, from {business_name}', 0, NULL, NULL),
(7, 1, 'items_received', '<p>Dear {contact_name},</p>\n\n                    <p>We have received all items from invoice reference number {invoice_number}. Thank you for processing it.</p>\n\n                    <p>{business_name}<br />\n                    {business_logo}</p>', 'We have received all items from invoice reference number {invoice_number}. Thank you for processing it. {business_name}', 'Items received, from {business_name}', 0, NULL, NULL),
(8, 1, 'items_pending', '<p>Dear {contact_name},<br />\n                    This is to remind you that we have not yet received some items from invoice reference number {invoice_number}. Please process it as soon as possible.</p>\n\n                    <p>{business_name}<br />\n                    {business_logo}</p>', 'This is to remind you that we have not yet received some items from invoice reference number {invoice_number} . Please process it as soon as possible.{business_name}', 'Items Pending, from {business_name}', 0, NULL, NULL);

-- --------------------------------------------------------

--
-- Table structure for table `oauth_access_tokens`
--

CREATE TABLE `oauth_access_tokens` (
  `id` varchar(100) COLLATE utf8mb4_unicode_ci NOT NULL,
  `user_id` int(11) DEFAULT NULL,
  `client_id` int(11) NOT NULL,
  `name` varchar(191) COLLATE utf8mb4_unicode_ci DEFAULT NULL,
  `scopes` text COLLATE utf8mb4_unicode_ci,
  `revoked` tinyint(1) NOT NULL,
  `created_at` timestamp NULL DEFAULT NULL,
  `updated_at` timestamp NULL DEFAULT NULL,
  `expires_at` datetime DEFAULT NULL
) ENGINE=InnoDB DEFAULT CHARSET=utf8mb4 COLLATE=utf8mb4_unicode_ci;

-- --------------------------------------------------------

--
-- Table structure for table `oauth_auth_codes`
--

CREATE TABLE `oauth_auth_codes` (
  `id` varchar(100) COLLATE utf8mb4_unicode_ci NOT NULL,
  `user_id` int(11) NOT NULL,
  `client_id` int(11) NOT NULL,
  `scopes` text COLLATE utf8mb4_unicode_ci,
  `revoked` tinyint(1) NOT NULL,
  `expires_at` datetime DEFAULT NULL
) ENGINE=InnoDB DEFAULT CHARSET=utf8mb4 COLLATE=utf8mb4_unicode_ci;

-- --------------------------------------------------------

--
-- Table structure for table `oauth_clients`
--

CREATE TABLE `oauth_clients` (
  `id` int(10) UNSIGNED NOT NULL,
  `user_id` int(11) DEFAULT NULL,
  `name` varchar(191) COLLATE utf8mb4_unicode_ci NOT NULL,
  `secret` varchar(100) COLLATE utf8mb4_unicode_ci NOT NULL,
  `redirect` text COLLATE utf8mb4_unicode_ci NOT NULL,
  `personal_access_client` tinyint(1) NOT NULL,
  `password_client` tinyint(1) NOT NULL,
  `revoked` tinyint(1) NOT NULL,
  `created_at` timestamp NULL DEFAULT NULL,
  `updated_at` timestamp NULL DEFAULT NULL
) ENGINE=InnoDB DEFAULT CHARSET=utf8mb4 COLLATE=utf8mb4_unicode_ci;

-- --------------------------------------------------------

--
-- Table structure for table `oauth_personal_access_clients`
--

CREATE TABLE `oauth_personal_access_clients` (
  `id` int(10) UNSIGNED NOT NULL,
  `client_id` int(11) NOT NULL,
  `created_at` timestamp NULL DEFAULT NULL,
  `updated_at` timestamp NULL DEFAULT NULL
) ENGINE=InnoDB DEFAULT CHARSET=utf8mb4 COLLATE=utf8mb4_unicode_ci;

-- --------------------------------------------------------

--
-- Table structure for table `oauth_refresh_tokens`
--

CREATE TABLE `oauth_refresh_tokens` (
  `id` varchar(100) COLLATE utf8mb4_unicode_ci NOT NULL,
  `access_token_id` varchar(100) COLLATE utf8mb4_unicode_ci NOT NULL,
  `revoked` tinyint(1) NOT NULL,
  `expires_at` datetime DEFAULT NULL
) ENGINE=InnoDB DEFAULT CHARSET=utf8mb4 COLLATE=utf8mb4_unicode_ci;

-- --------------------------------------------------------

--
-- Table structure for table `password_resets`
--

CREATE TABLE `password_resets` (
  `email` varchar(191) COLLATE utf8mb4_unicode_ci NOT NULL,
  `token` varchar(191) COLLATE utf8mb4_unicode_ci NOT NULL,
  `created_at` timestamp NULL DEFAULT NULL
) ENGINE=InnoDB DEFAULT CHARSET=utf8mb4 COLLATE=utf8mb4_unicode_ci;

-- --------------------------------------------------------

--
-- Table structure for table `payment_accounts`
--

CREATE TABLE `payment_accounts` (
  `id` int(10) UNSIGNED NOT NULL,
  `business_id` int(11) NOT NULL,
  `name` varchar(191) COLLATE utf8mb4_unicode_ci NOT NULL,
  `type` varchar(191) COLLATE utf8mb4_unicode_ci NOT NULL,
  `note` text COLLATE utf8mb4_unicode_ci,
  `created_by` int(11) NOT NULL,
  `deleted_at` timestamp NULL DEFAULT NULL,
  `created_at` timestamp NULL DEFAULT NULL,
  `updated_at` timestamp NULL DEFAULT NULL
) ENGINE=InnoDB DEFAULT CHARSET=utf8mb4 COLLATE=utf8mb4_unicode_ci;

-- --------------------------------------------------------

--
-- Table structure for table `permissions`
--

CREATE TABLE `permissions` (
  `id` int(10) UNSIGNED NOT NULL,
  `name` varchar(191) COLLATE utf8mb4_unicode_ci NOT NULL,
  `guard_name` varchar(191) COLLATE utf8mb4_unicode_ci NOT NULL,
  `created_at` timestamp NULL DEFAULT NULL,
  `updated_at` timestamp NULL DEFAULT NULL
) ENGINE=InnoDB DEFAULT CHARSET=utf8mb4 COLLATE=utf8mb4_unicode_ci;

--
-- Dumping data for table `permissions`
--

INSERT INTO `permissions` (`id`, `name`, `guard_name`, `created_at`, `updated_at`) VALUES
(1, 'profit_loss_report.view', 'web', '2018-10-01 09:33:15', NULL),
(2, 'direct_sell.access', 'web', '2018-10-01 09:33:15', NULL),
(3, 'product.opening_stock', 'web', '2018-10-01 09:36:06', '2018-10-01 09:36:06'),
(4, 'crud_all_bookings', 'web', '2018-10-01 09:37:08', '2018-10-01 09:37:08'),
(5, 'crud_own_bookings', 'web', '2018-10-01 09:37:08', '2018-10-01 09:37:08'),
(6, 'access_default_selling_price', 'web', '2018-10-01 09:38:58', '2018-10-01 09:38:58'),
(7, 'user.view', 'web', '2018-10-01 09:40:14', NULL),
(8, 'user.create', 'web', '2018-10-01 09:40:14', NULL),
(9, 'user.update', 'web', '2018-10-01 09:40:14', NULL),
(10, 'user.delete', 'web', '2018-10-01 09:40:14', NULL),
(11, 'supplier.view', 'web', '2018-10-01 09:40:14', NULL),
(12, 'supplier.create', 'web', '2018-10-01 09:40:14', NULL),
(13, 'supplier.update', 'web', '2018-10-01 09:40:14', NULL),
(14, 'supplier.delete', 'web', '2018-10-01 09:40:14', NULL),
(15, 'customer.view', 'web', '2018-10-01 09:40:14', NULL),
(16, 'customer.create', 'web', '2018-10-01 09:40:14', NULL),
(17, 'customer.update', 'web', '2018-10-01 09:40:14', NULL),
(18, 'customer.delete', 'web', '2018-10-01 09:40:14', NULL),
(19, 'product.view', 'web', '2018-10-01 09:40:14', NULL),
(20, 'product.create', 'web', '2018-10-01 09:40:14', NULL),
(21, 'product.update', 'web', '2018-10-01 09:40:14', NULL),
(22, 'product.delete', 'web', '2018-10-01 09:40:14', NULL),
(23, 'purchase.view', 'web', '2018-10-01 09:40:14', NULL),
(24, 'purchase.create', 'web', '2018-10-01 09:40:14', NULL),
(25, 'purchase.update', 'web', '2018-10-01 09:40:14', NULL),
(26, 'purchase.delete', 'web', '2018-10-01 09:40:14', NULL),
(27, 'sell.view', 'web', '2018-10-01 09:40:14', NULL),
(28, 'sell.create', 'web', '2018-10-01 09:40:14', NULL),
(29, 'sell.update', 'web', '2018-10-01 09:40:14', NULL),
(30, 'sell.delete', 'web', '2018-10-01 09:40:14', NULL),
(31, 'purchase_n_sell_report.view', 'web', '2018-10-01 09:40:14', NULL),
(32, 'contacts_report.view', 'web', '2018-10-01 09:40:14', NULL),
(33, 'stock_report.view', 'web', '2018-10-01 09:40:14', NULL),
(34, 'tax_report.view', 'web', '2018-10-01 09:40:14', NULL),
(35, 'trending_product_report.view', 'web', '2018-10-01 09:40:14', NULL),
(36, 'register_report.view', 'web', '2018-10-01 09:40:14', NULL),
(37, 'sales_representative.view', 'web', '2018-10-01 09:40:14', NULL),
(38, 'expense_report.view', 'web', '2018-10-01 09:40:14', NULL),
(39, 'business_settings.access', 'web', '2018-10-01 09:40:14', NULL),
(40, 'barcode_settings.access', 'web', '2018-10-01 09:40:14', NULL),
(41, 'invoice_settings.access', 'web', '2018-10-01 09:40:14', NULL),
(42, 'brand.view', 'web', '2018-10-01 09:40:14', NULL),
(43, 'brand.create', 'web', '2018-10-01 09:40:14', NULL),
(44, 'brand.update', 'web', '2018-10-01 09:40:14', NULL),
(45, 'brand.delete', 'web', '2018-10-01 09:40:14', NULL),
(46, 'tax_rate.view', 'web', '2018-10-01 09:40:14', NULL),
(47, 'tax_rate.create', 'web', '2018-10-01 09:40:14', NULL),
(48, 'tax_rate.update', 'web', '2018-10-01 09:40:14', NULL),
(49, 'tax_rate.delete', 'web', '2018-10-01 09:40:14', NULL),
(50, 'unit.view', 'web', '2018-10-01 09:40:14', NULL),
(51, 'unit.create', 'web', '2018-10-01 09:40:14', NULL),
(52, 'unit.update', 'web', '2018-10-01 09:40:14', NULL),
(53, 'unit.delete', 'web', '2018-10-01 09:40:14', NULL),
(54, 'category.view', 'web', '2018-10-01 09:40:14', NULL),
(55, 'category.create', 'web', '2018-10-01 09:40:14', NULL),
(56, 'category.update', 'web', '2018-10-01 09:40:14', NULL),
(57, 'category.delete', 'web', '2018-10-01 09:40:14', NULL),
(58, 'expense.access', 'web', '2018-10-01 09:40:14', NULL),
(59, 'access_all_locations', 'web', '2018-10-01 09:40:14', NULL),
(60, 'dashboard.data', 'web', '2018-10-01 09:40:14', NULL),
(61, 'location.1', 'web', '2018-10-01 09:42:53', '2018-10-01 09:42:53'),
(62, 'location.2', 'web', '2018-10-03 11:49:29', '2018-10-03 11:49:29');

-- --------------------------------------------------------

--
-- Table structure for table `pos_devices`
--

CREATE TABLE `pos_devices` (
  `id` int(10) UNSIGNED NOT NULL,
  `code` varchar(191) COLLATE utf8mb4_unicode_ci NOT NULL,
  `name` varchar(191) COLLATE utf8mb4_unicode_ci NOT NULL,
  `created_at` timestamp NULL DEFAULT NULL,
  `updated_at` timestamp NULL DEFAULT NULL
) ENGINE=InnoDB DEFAULT CHARSET=utf8mb4 COLLATE=utf8mb4_unicode_ci;

--
-- Dumping data for table `pos_devices`
--

INSERT INTO `pos_devices` (`id`, `code`, `name`, `created_at`, `updated_at`) VALUES
(1, 'pos_001', 'POS 01', '2018-10-07 08:45:24', '2018-10-07 08:45:24');

-- --------------------------------------------------------

--
-- Table structure for table `printers`
--

CREATE TABLE `printers` (
  `id` int(10) UNSIGNED NOT NULL,
  `business_id` int(10) UNSIGNED NOT NULL,
  `name` varchar(256) COLLATE utf8mb4_unicode_ci NOT NULL,
  `connection_type` enum('network','windows','linux') COLLATE utf8mb4_unicode_ci NOT NULL,
  `capability_profile` enum('default','simple','SP2000','TEP-200M','P822D') COLLATE utf8mb4_unicode_ci NOT NULL DEFAULT 'default',
  `char_per_line` varchar(191) COLLATE utf8mb4_unicode_ci DEFAULT NULL,
  `ip_address` varchar(191) COLLATE utf8mb4_unicode_ci DEFAULT NULL,
  `port` varchar(191) COLLATE utf8mb4_unicode_ci DEFAULT NULL,
  `path` varchar(191) COLLATE utf8mb4_unicode_ci DEFAULT NULL,
  `created_by` int(10) UNSIGNED NOT NULL,
  `created_at` timestamp NULL DEFAULT NULL,
  `updated_at` timestamp NULL DEFAULT NULL
) ENGINE=InnoDB DEFAULT CHARSET=utf8mb4 COLLATE=utf8mb4_unicode_ci;

-- --------------------------------------------------------

--
-- Table structure for table `products`
--

CREATE TABLE `products` (
  `id` int(10) UNSIGNED NOT NULL,
  `name` varchar(191) COLLATE utf8mb4_unicode_ci NOT NULL,
  `business_id` int(10) UNSIGNED NOT NULL,
  `type` enum('single','variable','modifier') COLLATE utf8mb4_unicode_ci DEFAULT NULL,
  `unit_id` int(11) UNSIGNED DEFAULT NULL,
  `brand_id` int(10) UNSIGNED DEFAULT NULL,
  `category_id` int(10) UNSIGNED DEFAULT NULL,
  `sub_category_id` int(10) UNSIGNED DEFAULT NULL,
  `tax` int(10) UNSIGNED DEFAULT NULL,
  `tax_type` enum('inclusive','exclusive') COLLATE utf8mb4_unicode_ci NOT NULL,
  `enable_stock` tinyint(1) NOT NULL DEFAULT '0',
  `alert_quantity` int(11) NOT NULL,
  `sku` varchar(191) COLLATE utf8mb4_unicode_ci NOT NULL,
  `barcode_type` enum('C39','C128','EAN13','EAN8','UPCA','UPCE') COLLATE utf8mb4_unicode_ci DEFAULT 'C128',
  `expiry_period` decimal(4,2) DEFAULT NULL,
  `expiry_period_type` enum('days','months') COLLATE utf8mb4_unicode_ci DEFAULT NULL,
  `enable_sr_no` tinyint(1) NOT NULL DEFAULT '0',
  `weight` varchar(191) COLLATE utf8mb4_unicode_ci DEFAULT NULL,
  `product_custom_field1` varchar(191) COLLATE utf8mb4_unicode_ci DEFAULT NULL,
  `product_custom_field2` varchar(191) COLLATE utf8mb4_unicode_ci DEFAULT NULL,
  `product_custom_field3` varchar(191) COLLATE utf8mb4_unicode_ci DEFAULT NULL,
  `product_custom_field4` varchar(191) COLLATE utf8mb4_unicode_ci DEFAULT NULL,
  `image` varchar(191) COLLATE utf8mb4_unicode_ci DEFAULT NULL,
  `created_by` int(10) UNSIGNED NOT NULL,
  `created_at` timestamp NULL DEFAULT NULL,
  `updated_at` timestamp NULL DEFAULT NULL
) ENGINE=InnoDB DEFAULT CHARSET=utf8mb4 COLLATE=utf8mb4_unicode_ci;

--
-- Dumping data for table `products`
--

INSERT INTO `products` (`id`, `name`, `business_id`, `type`, `unit_id`, `brand_id`, `category_id`, `sub_category_id`, `tax`, `tax_type`, `enable_stock`, `alert_quantity`, `sku`, `barcode_type`, `expiry_period`, `expiry_period_type`, `enable_sr_no`, `weight`, `product_custom_field1`, `product_custom_field2`, `product_custom_field3`, `product_custom_field4`, `image`, `created_by`, `created_at`, `updated_at`) VALUES
(166, 'فطيرة لحم', 1, 'single', 1, NULL, 7, NULL, NULL, 'inclusive', 0, 0, '0166', 'C128', NULL, NULL, 0, NULL, NULL, NULL, NULL, NULL, NULL, 1, '2019-05-17 15:07:22', '2019-05-17 15:07:23'),
(167, 'فطيرة دجاج', 1, 'single', 1, NULL, 7, NULL, NULL, 'inclusive', 0, 0, '0167', 'C128', NULL, NULL, 0, NULL, NULL, NULL, NULL, NULL, NULL, 1, '2019-05-17 15:11:40', '2019-05-17 15:11:40'),
(168, 'فطيرة زعتر', 1, 'single', 1, NULL, 7, NULL, NULL, 'inclusive', 0, 0, '0168', 'C128', NULL, NULL, 0, NULL, NULL, NULL, NULL, NULL, NULL, 1, '2019-05-17 15:11:56', '2019-05-17 15:12:48'),
(169, 'فطيرة سبانخ', 1, 'single', 1, NULL, 7, NULL, NULL, 'exclusive', 0, 0, '0169', 'C128', NULL, NULL, 0, NULL, NULL, NULL, NULL, NULL, NULL, 1, '2019-05-17 15:12:13', '2019-05-17 15:12:13'),
(170, 'فطيرة اجبان مشكلة', 1, 'single', 1, NULL, 7, NULL, NULL, 'inclusive', 0, 0, '0170', 'C128', NULL, NULL, 0, NULL, NULL, NULL, NULL, NULL, NULL, 1, '2019-05-17 15:12:32', '2019-05-17 15:12:32'),
(171, 'فطيرة جبن فتا', 1, 'single', 1, NULL, 7, NULL, NULL, 'inclusive', 0, 0, '0171', 'C128', NULL, NULL, 0, NULL, NULL, NULL, NULL, NULL, NULL, 1, '2019-05-17 15:13:20', '2019-05-17 15:13:20'),
(172, 'صحن منوع 12 قطعة', 1, 'single', 1, NULL, 7, NULL, NULL, 'exclusive', 0, 0, '0172', 'C128', NULL, NULL, 0, NULL, NULL, NULL, NULL, NULL, NULL, 1, '2019-05-17 15:13:37', '2019-05-17 15:13:37'),
(173, 'أصابع جبن', 1, 'single', 1, NULL, 8, NULL, NULL, 'inclusive', 0, 0, '0173', 'C128', NULL, NULL, 0, NULL, NULL, NULL, NULL, NULL, NULL, 1, '2019-05-17 15:13:58', '2019-05-17 15:13:58'),
(174, 'أصابع زعتر', 1, 'single', 1, NULL, 8, NULL, NULL, 'inclusive', 0, 0, '0174', 'C128', NULL, NULL, 0, NULL, NULL, NULL, NULL, NULL, NULL, 1, '2019-05-17 15:14:17', '2019-05-17 15:18:55'),
(175, 'أصابع يانسون', 1, 'single', 1, NULL, 8, NULL, NULL, 'inclusive', 0, 0, '0175', 'C128', NULL, NULL, 0, NULL, NULL, NULL, NULL, NULL, NULL, 1, '2019-05-17 15:14:38', '2019-05-17 15:14:38'),
(176, 'شوكولاتة', 1, 'single', 1, NULL, 9, NULL, NULL, 'inclusive', 0, 0, '0176', 'C128', NULL, NULL, 0, NULL, NULL, NULL, NULL, NULL, NULL, 1, '2019-05-17 15:14:55', '2019-05-17 15:18:11'),
(177, 'قرفة', 1, 'single', 1, NULL, 9, NULL, NULL, 'exclusive', 0, 0, '0177', 'C128', NULL, NULL, 0, NULL, NULL, NULL, NULL, NULL, NULL, 1, '2019-05-17 15:15:10', '2019-05-17 15:15:10'),
(178, 'طماطم', 1, 'single', 1, NULL, 10, NULL, NULL, 'inclusive', 0, 0, '0178', 'C128', NULL, NULL, 0, NULL, NULL, NULL, NULL, NULL, NULL, 1, '2019-05-17 15:15:39', '2019-05-17 15:15:39'),
(179, 'الأخضر', 1, 'single', 1, NULL, 10, NULL, NULL, 'inclusive', 0, 0, '0179', 'C128', NULL, NULL, 0, NULL, NULL, NULL, NULL, NULL, NULL, 1, '2019-05-17 15:15:56', '2019-05-17 15:15:56'),
(180, 'طحينة', 1, 'single', 1, NULL, 10, NULL, NULL, 'inclusive', 0, 0, '0180', 'C128', NULL, NULL, 0, NULL, NULL, NULL, NULL, NULL, NULL, 1, '2019-05-17 15:16:08', '2019-05-17 15:16:08'),
(181, 'ثوم', 1, 'single', 1, NULL, 10, NULL, NULL, 'exclusive', 0, 0, '0181', 'C128', NULL, NULL, 0, NULL, NULL, NULL, NULL, NULL, NULL, 1, '2019-05-17 15:16:19', '2019-05-17 15:16:19'),
(182, 'ليمون', 1, 'single', 1, NULL, 11, NULL, NULL, 'inclusive', 0, 0, '0182', 'C128', NULL, NULL, 0, NULL, NULL, NULL, NULL, NULL, NULL, 1, '2019-05-17 15:16:41', '2019-05-17 15:19:49'),
(183, 'برتقال', 1, 'single', 1, NULL, 11, NULL, NULL, 'inclusive', 0, 0, '0183', 'C128', NULL, NULL, 0, NULL, NULL, NULL, NULL, NULL, NULL, 1, '2019-05-17 15:17:01', '2019-05-17 15:17:01'),
(184, 'كرك', 1, 'single', 1, NULL, 11, NULL, NULL, 'exclusive', 0, 0, '0184', 'C128', NULL, NULL, 0, NULL, NULL, NULL, NULL, NULL, NULL, 1, '2019-05-17 15:20:08', '2019-05-17 15:20:08'),
(185, 'شاي', 1, 'single', 1, NULL, 11, NULL, NULL, 'inclusive', 0, 0, '0185', 'C128', NULL, NULL, 0, NULL, NULL, NULL, NULL, NULL, NULL, 1, '2019-05-17 15:20:22', '2019-05-17 15:20:22'),
(186, 'شاي بالنعناع', 1, 'single', 1, NULL, 11, NULL, NULL, 'inclusive', 0, 0, '0186', 'C128', NULL, NULL, 0, NULL, NULL, NULL, NULL, NULL, NULL, 1, '2019-05-17 15:20:35', '2019-05-17 15:20:35'),
(190, 'قهوة أمريكية', 1, 'single', 1, NULL, 11, NULL, NULL, 'exclusive', 0, 0, '0190', 'C128', NULL, NULL, 0, NULL, NULL, NULL, NULL, NULL, NULL, 1, '2019-05-17 15:25:54', '2019-05-17 15:25:54'),
(191, 'ماء', 1, 'single', 1, NULL, 11, NULL, NULL, 'exclusive', 0, 0, '0191', 'C128', NULL, NULL, 0, NULL, NULL, NULL, NULL, NULL, NULL, 1, '2019-05-17 15:26:07', '2019-05-17 15:26:07'),
(192, 'بيبسي', 1, 'single', 1, NULL, 11, NULL, NULL, 'exclusive', 0, 0, '0192', 'C128', NULL, NULL, 0, NULL, NULL, NULL, NULL, NULL, NULL, 1, '2019-05-17 15:26:18', '2019-05-17 15:26:18'),
(193, 'ميرندا', 1, 'single', 1, NULL, 11, NULL, NULL, 'inclusive', 0, 0, '0193', 'C128', NULL, NULL, 0, NULL, NULL, NULL, NULL, NULL, NULL, 1, '2019-05-17 15:26:31', '2019-05-17 15:26:31'),
(194, 'سفن اب', 1, 'single', 1, NULL, 11, NULL, NULL, 'inclusive', 0, 0, '0194', 'C128', NULL, NULL, 0, NULL, NULL, NULL, NULL, NULL, NULL, 1, '2019-05-17 15:26:45', '2019-05-17 15:26:45'),
(195, 'خبز', 1, 'modifier', NULL, NULL, NULL, NULL, NULL, 'inclusive', 0, 0, '0195', 'C128', NULL, NULL, 0, NULL, NULL, NULL, NULL, NULL, NULL, 1, '2019-05-17 19:22:15', '2019-05-17 19:22:15'),
(196, 'قهوة اسبرسو', 1, 'variable', 1, NULL, 11, NULL, NULL, 'inclusive', 0, 0, '0196', 'C128', NULL, NULL, 0, NULL, NULL, NULL, NULL, NULL, NULL, 1, '2019-05-17 20:57:03', '2019-05-17 20:57:03'),
(197, 'قهوة لاتية', 1, 'variable', 1, NULL, 11, NULL, NULL, 'exclusive', 0, 0, '0197', 'C128', NULL, NULL, 0, NULL, NULL, NULL, NULL, NULL, NULL, 1, '2019-05-17 20:58:38', '2019-05-17 20:58:39'),
(198, 'قهوة كابتشينو', 1, 'variable', 1, NULL, 11, NULL, NULL, 'exclusive', 0, 0, '0198', 'C128', NULL, NULL, 0, NULL, NULL, NULL, NULL, NULL, NULL, 1, '2019-05-17 20:59:34', '2019-05-17 20:59:34');

-- --------------------------------------------------------

--
-- Table structure for table `product_racks`
--

CREATE TABLE `product_racks` (
  `id` int(10) UNSIGNED NOT NULL,
  `business_id` int(10) UNSIGNED NOT NULL,
  `location_id` int(10) UNSIGNED NOT NULL,
  `product_id` int(10) UNSIGNED NOT NULL,
  `rack` varchar(191) COLLATE utf8mb4_unicode_ci DEFAULT NULL,
  `row` varchar(191) COLLATE utf8mb4_unicode_ci DEFAULT NULL,
  `position` varchar(191) COLLATE utf8mb4_unicode_ci DEFAULT NULL,
  `created_at` timestamp NULL DEFAULT NULL,
  `updated_at` timestamp NULL DEFAULT NULL
) ENGINE=InnoDB DEFAULT CHARSET=utf8mb4 COLLATE=utf8mb4_unicode_ci;

--
-- Dumping data for table `product_racks`
--

INSERT INTO `product_racks` (`id`, `business_id`, `location_id`, `product_id`, `rack`, `row`, `position`, `created_at`, `updated_at`) VALUES
(1, 1, 1, 16, NULL, NULL, NULL, '2018-10-04 13:39:28', '2018-10-17 06:23:41'),
(2, 1, 2, 16, NULL, NULL, NULL, '2018-10-04 13:39:28', '2018-10-17 06:23:41'),
(3, 1, 1, 17, NULL, NULL, NULL, '2018-10-07 09:52:35', '2018-10-07 09:52:35'),
(4, 1, 2, 17, NULL, NULL, NULL, '2018-10-07 09:52:35', '2018-10-07 09:52:35'),
(5, 1, 1, 1, NULL, NULL, NULL, '2018-10-07 10:05:47', '2018-10-07 10:06:43'),
(6, 1, 2, 1, NULL, NULL, NULL, '2018-10-07 10:05:47', '2018-10-07 10:06:43');

-- --------------------------------------------------------

--
-- Table structure for table `product_variations`
--

CREATE TABLE `product_variations` (
  `id` int(10) UNSIGNED NOT NULL,
  `name` varchar(191) COLLATE utf8mb4_unicode_ci NOT NULL,
  `product_id` int(10) UNSIGNED NOT NULL,
  `is_dummy` tinyint(1) NOT NULL DEFAULT '1',
  `created_at` timestamp NULL DEFAULT NULL,
  `updated_at` timestamp NULL DEFAULT NULL
) ENGINE=InnoDB DEFAULT CHARSET=utf8mb4 COLLATE=utf8mb4_unicode_ci;

--
-- Dumping data for table `product_variations`
--

INSERT INTO `product_variations` (`id`, `name`, `product_id`, `is_dummy`, `created_at`, `updated_at`) VALUES
(166, 'DUMMY', 166, 1, '2019-05-17 15:07:23', '2019-05-17 15:07:23'),
(167, 'DUMMY', 167, 1, '2019-05-17 15:11:40', '2019-05-17 15:11:40'),
(168, 'DUMMY', 168, 1, '2019-05-17 15:11:56', '2019-05-17 15:11:56'),
(169, 'DUMMY', 169, 1, '2019-05-17 15:12:14', '2019-05-17 15:12:14'),
(170, 'DUMMY', 170, 1, '2019-05-17 15:12:32', '2019-05-17 15:12:32'),
(171, 'DUMMY', 171, 1, '2019-05-17 15:13:20', '2019-05-17 15:13:20'),
(172, 'DUMMY', 172, 1, '2019-05-17 15:13:37', '2019-05-17 15:13:37'),
(173, 'DUMMY', 173, 1, '2019-05-17 15:13:58', '2019-05-17 15:13:58'),
(174, 'DUMMY', 174, 1, '2019-05-17 15:14:17', '2019-05-17 15:14:17'),
(175, 'DUMMY', 175, 1, '2019-05-17 15:14:38', '2019-05-17 15:14:38'),
(176, 'DUMMY', 176, 1, '2019-05-17 15:14:55', '2019-05-17 15:14:55'),
(177, 'DUMMY', 177, 1, '2019-05-17 15:15:10', '2019-05-17 15:15:10'),
(178, 'DUMMY', 178, 1, '2019-05-17 15:15:39', '2019-05-17 15:15:39'),
(179, 'DUMMY', 179, 1, '2019-05-17 15:15:57', '2019-05-17 15:15:57'),
(180, 'DUMMY', 180, 1, '2019-05-17 15:16:08', '2019-05-17 15:16:08'),
(181, 'DUMMY', 181, 1, '2019-05-17 15:16:19', '2019-05-17 15:16:19'),
(182, 'DUMMY', 182, 1, '2019-05-17 15:16:42', '2019-05-17 15:16:42'),
(183, 'DUMMY', 183, 1, '2019-05-17 15:17:01', '2019-05-17 15:17:01'),
(184, 'DUMMY', 184, 1, '2019-05-17 15:20:08', '2019-05-17 15:20:08'),
(185, 'DUMMY', 185, 1, '2019-05-17 15:20:22', '2019-05-17 15:20:22'),
(186, 'DUMMY', 186, 1, '2019-05-17 15:20:35', '2019-05-17 15:20:35'),
(190, 'DUMMY', 190, 1, '2019-05-17 15:25:54', '2019-05-17 15:25:54'),
(191, 'DUMMY', 191, 1, '2019-05-17 15:26:07', '2019-05-17 15:26:07'),
(192, 'DUMMY', 192, 1, '2019-05-17 15:26:18', '2019-05-17 15:26:18'),
(193, 'DUMMY', 193, 1, '2019-05-17 15:26:31', '2019-05-17 15:26:31'),
(194, 'DUMMY', 194, 1, '2019-05-17 15:26:45', '2019-05-17 15:26:45'),
(195, 'DUMMY', 195, 0, '2019-05-17 19:22:15', '2019-05-17 19:22:15'),
(196, 'عادي', 196, 0, '2019-05-17 20:57:03', '2019-05-17 20:57:03'),
(197, 'اكسترا شوت', 196, 0, '2019-05-17 20:57:04', '2019-05-17 20:57:04'),
(198, 'عادي', 197, 0, '2019-05-17 20:58:39', '2019-05-17 20:58:39'),
(199, 'اكسترا شوت', 197, 0, '2019-05-17 20:58:39', '2019-05-17 20:58:39'),
(200, 'عادي', 198, 0, '2019-05-17 20:59:34', '2019-05-17 20:59:34'),
(201, 'اكسترا شوت', 198, 0, '2019-05-17 20:59:34', '2019-05-17 20:59:34');

-- --------------------------------------------------------

--
-- Table structure for table `purchase_lines`
--

CREATE TABLE `purchase_lines` (
  `id` int(10) UNSIGNED NOT NULL,
  `transaction_id` int(10) UNSIGNED NOT NULL,
  `product_id` int(10) UNSIGNED NOT NULL,
  `variation_id` int(10) UNSIGNED NOT NULL,
  `quantity` decimal(20,4) NOT NULL,
  `pp_without_discount` decimal(20,2) NOT NULL DEFAULT '0.00' COMMENT 'Purchase price before inline discounts',
  `discount_percent` decimal(5,2) NOT NULL DEFAULT '0.00' COMMENT 'Inline discount percentage',
  `purchase_price` decimal(20,2) DEFAULT NULL,
  `purchase_price_inc_tax` decimal(20,2) NOT NULL DEFAULT '0.00',
  `item_tax` decimal(20,2) DEFAULT NULL,
  `tax_id` int(10) UNSIGNED DEFAULT NULL,
  `quantity_sold` decimal(20,4) DEFAULT '0.0000',
  `quantity_adjusted` decimal(20,4) DEFAULT '0.0000',
  `quantity_returned` decimal(20,4) NOT NULL DEFAULT '0.0000',
  `mfg_date` date DEFAULT NULL,
  `exp_date` date DEFAULT NULL,
  `lot_number` varchar(256) COLLATE utf8mb4_unicode_ci DEFAULT NULL,
  `created_at` timestamp NULL DEFAULT NULL,
  `updated_at` timestamp NULL DEFAULT NULL
) ENGINE=InnoDB DEFAULT CHARSET=utf8mb4 COLLATE=utf8mb4_unicode_ci;

-- --------------------------------------------------------

--
-- Table structure for table `reference_counts`
--

CREATE TABLE `reference_counts` (
  `id` int(10) UNSIGNED NOT NULL,
  `ref_type` varchar(191) COLLATE utf8mb4_unicode_ci NOT NULL,
  `ref_count` int(11) NOT NULL,
  `business_id` int(11) NOT NULL,
  `created_at` timestamp NULL DEFAULT NULL,
  `updated_at` timestamp NULL DEFAULT NULL
) ENGINE=InnoDB DEFAULT CHARSET=utf8mb4 COLLATE=utf8mb4_unicode_ci;

--
-- Dumping data for table `reference_counts`
--

INSERT INTO `reference_counts` (`id`, `ref_type`, `ref_count`, `business_id`, `created_at`, `updated_at`) VALUES
(1, 'contacts', 1, 1, '2018-10-01 09:42:53', '2018-10-01 09:42:53'),
(2, 'business_location', 2, 1, '2018-10-01 09:42:53', '2018-10-03 11:49:28'),
(3, 'sell_payment', 84, 1, '2018-10-01 12:20:18', '2019-05-18 12:34:46'),
(4, 'stock_adjustment', 1, 1, '2019-02-12 06:14:01', '2019-02-12 06:14:01');

-- --------------------------------------------------------

--
-- Table structure for table `res_product_modifier_sets`
--

CREATE TABLE `res_product_modifier_sets` (
  `modifier_set_id` int(10) UNSIGNED NOT NULL,
  `product_id` int(10) UNSIGNED NOT NULL COMMENT 'Table use to store the modifier sets applicable for a product'
) ENGINE=InnoDB DEFAULT CHARSET=utf8mb4 COLLATE=utf8mb4_unicode_ci;

--
-- Dumping data for table `res_product_modifier_sets`
--

INSERT INTO `res_product_modifier_sets` (`modifier_set_id`, `product_id`) VALUES
(195, 166),
(195, 167),
(195, 168),
(195, 169),
(195, 170),
(195, 171),
(195, 172);

-- --------------------------------------------------------

--
-- Table structure for table `res_tables`
--

CREATE TABLE `res_tables` (
  `id` int(10) UNSIGNED NOT NULL,
  `business_id` int(10) UNSIGNED NOT NULL,
  `location_id` int(10) UNSIGNED NOT NULL,
  `name` varchar(191) COLLATE utf8mb4_unicode_ci NOT NULL,
  `description` text COLLATE utf8mb4_unicode_ci,
  `created_by` int(10) UNSIGNED NOT NULL,
  `deleted_at` timestamp NULL DEFAULT NULL,
  `created_at` timestamp NULL DEFAULT NULL,
  `updated_at` timestamp NULL DEFAULT NULL
) ENGINE=InnoDB DEFAULT CHARSET=utf8mb4 COLLATE=utf8mb4_unicode_ci;

--
-- Dumping data for table `res_tables`
--

INSERT INTO `res_tables` (`id`, `business_id`, `location_id`, `name`, `description`, `created_by`, `deleted_at`, `created_at`, `updated_at`) VALUES
(1, 1, 1, 'T1', '1', 1, NULL, '2018-12-16 13:09:59', '2019-02-28 07:50:19'),
(2, 1, 1, 'T2', NULL, 1, NULL, '2018-12-16 13:10:05', '2019-02-28 07:50:29'),
(3, 1, 1, 'T3', '1', 1, NULL, '2018-12-16 13:10:12', '2019-02-28 07:50:37'),
(4, 1, 1, 'S1', '2', 1, NULL, '2018-12-16 13:10:20', '2019-02-28 07:50:45'),
(5, 1, 1, 'S2', '2', 1, NULL, '2018-12-16 13:10:32', '2019-02-28 07:50:56');

-- --------------------------------------------------------

--
-- Table structure for table `roles`
--

CREATE TABLE `roles` (
  `id` int(10) UNSIGNED NOT NULL,
  `name` varchar(191) COLLATE utf8mb4_unicode_ci NOT NULL,
  `guard_name` varchar(191) COLLATE utf8mb4_unicode_ci NOT NULL,
  `business_id` int(10) UNSIGNED NOT NULL,
  `is_default` tinyint(1) NOT NULL DEFAULT '0',
  `is_service_staff` tinyint(1) NOT NULL DEFAULT '0',
  `created_at` timestamp NULL DEFAULT NULL,
  `updated_at` timestamp NULL DEFAULT NULL
) ENGINE=InnoDB DEFAULT CHARSET=utf8mb4 COLLATE=utf8mb4_unicode_ci;

--
-- Dumping data for table `roles`
--

INSERT INTO `roles` (`id`, `name`, `guard_name`, `business_id`, `is_default`, `is_service_staff`, `created_at`, `updated_at`) VALUES
(1, 'Admin#1', 'web', 1, 1, 0, '2018-10-01 09:42:53', '2018-10-01 09:42:53'),
(2, 'Cashier#1', 'web', 1, 0, 0, '2018-10-01 09:42:53', '2018-10-01 09:42:53'),
(3, 'Supervisor#1', 'web', 1, 0, 0, '2018-10-07 08:17:33', '2018-10-07 08:17:33');

-- --------------------------------------------------------

--
-- Table structure for table `role_has_permissions`
--

CREATE TABLE `role_has_permissions` (
  `permission_id` int(10) UNSIGNED NOT NULL,
  `role_id` int(10) UNSIGNED NOT NULL
) ENGINE=InnoDB DEFAULT CHARSET=utf8mb4 COLLATE=utf8mb4_unicode_ci;

--
-- Dumping data for table `role_has_permissions`
--

INSERT INTO `role_has_permissions` (`permission_id`, `role_id`) VALUES
(27, 2),
(28, 2),
(30, 2),
(59, 2),
(2, 3),
(7, 3),
(8, 3),
(9, 3),
(10, 3),
(27, 3),
(28, 3),
(29, 3),
(30, 3),
(59, 3),
(60, 3);

-- --------------------------------------------------------

--
-- Table structure for table `selling_price_groups`
--

CREATE TABLE `selling_price_groups` (
  `id` int(10) UNSIGNED NOT NULL,
  `name` varchar(191) COLLATE utf8mb4_unicode_ci NOT NULL,
  `description` text COLLATE utf8mb4_unicode_ci,
  `business_id` int(10) UNSIGNED NOT NULL,
  `deleted_at` timestamp NULL DEFAULT NULL,
  `created_at` timestamp NULL DEFAULT NULL,
  `updated_at` timestamp NULL DEFAULT NULL
) ENGINE=InnoDB DEFAULT CHARSET=utf8mb4 COLLATE=utf8mb4_unicode_ci;

-- --------------------------------------------------------

--
-- Table structure for table `sessions`
--

CREATE TABLE `sessions` (
  `id` varchar(191) COLLATE utf8mb4_unicode_ci NOT NULL,
  `user_id` int(10) UNSIGNED DEFAULT NULL,
  `ip_address` varchar(45) COLLATE utf8mb4_unicode_ci DEFAULT NULL,
  `user_agent` text COLLATE utf8mb4_unicode_ci,
  `payload` text COLLATE utf8mb4_unicode_ci NOT NULL,
  `last_activity` int(11) NOT NULL
) ENGINE=InnoDB DEFAULT CHARSET=utf8mb4 COLLATE=utf8mb4_unicode_ci;

-- --------------------------------------------------------

--
-- Table structure for table `stock_adjustments_temp`
--

CREATE TABLE `stock_adjustments_temp` (
  `id` int(11) DEFAULT NULL
) ENGINE=InnoDB DEFAULT CHARSET=latin1;

-- --------------------------------------------------------

--
-- Table structure for table `stock_adjustment_lines`
--

CREATE TABLE `stock_adjustment_lines` (
  `id` int(10) UNSIGNED NOT NULL,
  `transaction_id` int(10) UNSIGNED NOT NULL,
  `product_id` int(10) UNSIGNED NOT NULL,
  `variation_id` int(10) UNSIGNED NOT NULL,
  `quantity` decimal(20,4) NOT NULL,
  `unit_price` decimal(20,2) DEFAULT NULL COMMENT 'Last purchase unit price',
  `removed_purchase_line` int(11) DEFAULT NULL,
  `lot_no_line_id` int(11) DEFAULT NULL,
  `created_at` timestamp NULL DEFAULT NULL,
  `updated_at` timestamp NULL DEFAULT NULL
) ENGINE=InnoDB DEFAULT CHARSET=utf8mb4 COLLATE=utf8mb4_unicode_ci;

-- --------------------------------------------------------

--
-- Table structure for table `sync_logs`
--

CREATE TABLE `sync_logs` (
  `id` int(10) UNSIGNED NOT NULL,
  `business_id` int(11) NOT NULL,
  `status` enum('done','failed') COLLATE utf8mb4_unicode_ci NOT NULL,
  `document` varchar(191) COLLATE utf8mb4_unicode_ci DEFAULT NULL,
  `log` text COLLATE utf8mb4_unicode_ci,
  `no_lines` int(11) NOT NULL,
  `created_by` int(11) NOT NULL,
  `created_at` timestamp NULL DEFAULT NULL,
  `updated_at` timestamp NULL DEFAULT NULL
) ENGINE=InnoDB DEFAULT CHARSET=utf8mb4 COLLATE=utf8mb4_unicode_ci;

-- --------------------------------------------------------

--
-- Table structure for table `system`
--

CREATE TABLE `system` (
  `key` varchar(191) COLLATE utf8mb4_unicode_ci NOT NULL,
  `value` varchar(191) COLLATE utf8mb4_unicode_ci NOT NULL
) ENGINE=InnoDB DEFAULT CHARSET=utf8mb4 COLLATE=utf8mb4_unicode_ci;

--
-- Dumping data for table `system`
--

INSERT INTO `system` (`key`, `value`) VALUES
('db_version', '2.9'),
('default_business_active_status', '1');

-- --------------------------------------------------------

--
-- Table structure for table `tax_rates`
--

CREATE TABLE `tax_rates` (
  `id` int(10) UNSIGNED NOT NULL,
  `business_id` int(10) UNSIGNED NOT NULL,
  `name` varchar(191) COLLATE utf8mb4_unicode_ci NOT NULL,
  `amount` double(8,2) NOT NULL,
  `is_tax_group` tinyint(1) NOT NULL DEFAULT '0',
  `created_by` int(10) UNSIGNED NOT NULL,
  `deleted_at` timestamp NULL DEFAULT NULL,
  `created_at` timestamp NULL DEFAULT NULL,
  `updated_at` timestamp NULL DEFAULT NULL
) ENGINE=InnoDB DEFAULT CHARSET=utf8mb4 COLLATE=utf8mb4_unicode_ci;

-- --------------------------------------------------------

--
-- Table structure for table `transactions`
--

CREATE TABLE `transactions` (
  `id` int(10) UNSIGNED NOT NULL,
  `business_id` int(10) UNSIGNED NOT NULL,
  `location_id` int(10) UNSIGNED NOT NULL,
  `res_table_id` int(10) UNSIGNED DEFAULT NULL COMMENT 'fields to restaurant module',
  `res_waiter_id` int(10) UNSIGNED DEFAULT NULL COMMENT 'fields to restaurant module',
  `order_type` enum('takeaway','dine_in','delivery','parties') COLLATE utf8mb4_unicode_ci NOT NULL DEFAULT 'takeaway',
  `is_exported` tinyint(1) NOT NULL DEFAULT '0',
  `res_order_status` enum('received','cooked','served') COLLATE utf8mb4_unicode_ci DEFAULT NULL,
  `type` enum('purchase','sell','expense','stock_adjustment','sell_transfer','purchase_transfer','opening_stock','sell_return','opening_balance','purchase_return') COLLATE utf8mb4_unicode_ci DEFAULT NULL,
  `status` enum('received','pending','ordered','draft','final') COLLATE utf8mb4_unicode_ci NOT NULL,
  `is_quotation` tinyint(1) NOT NULL DEFAULT '0',
  `payment_status` enum('paid','due','partial') COLLATE utf8mb4_unicode_ci DEFAULT NULL,
  `adjustment_type` enum('normal','abnormal') COLLATE utf8mb4_unicode_ci DEFAULT NULL,
  `contact_id` int(11) UNSIGNED DEFAULT NULL,
  `customer_group_id` int(11) DEFAULT NULL COMMENT 'used to add customer group while selling',
  `invoice_no` varchar(191) COLLATE utf8mb4_unicode_ci DEFAULT NULL,
  `ref_no` varchar(191) COLLATE utf8mb4_unicode_ci DEFAULT NULL,
  `transaction_date` datetime NOT NULL,
  `total_before_tax` decimal(20,2) NOT NULL DEFAULT '0.00',
  `tax_id` int(10) UNSIGNED DEFAULT NULL,
  `tax_amount` decimal(20,2) NOT NULL DEFAULT '0.00',
  `discount_type` enum('fixed','percentage') COLLATE utf8mb4_unicode_ci DEFAULT NULL,
  `discount_amount` varchar(10) COLLATE utf8mb4_unicode_ci DEFAULT NULL,
  `shipping_details` varchar(191) COLLATE utf8mb4_unicode_ci DEFAULT NULL,
  `shipping_charges` decimal(20,2) NOT NULL DEFAULT '0.00',
  `additional_notes` text COLLATE utf8mb4_unicode_ci,
  `staff_note` text COLLATE utf8mb4_unicode_ci,
  `final_total` decimal(20,2) NOT NULL DEFAULT '0.00',
  `expense_category_id` int(10) UNSIGNED DEFAULT NULL,
  `expense_for` int(10) UNSIGNED DEFAULT NULL,
  `commission_agent` int(11) DEFAULT NULL,
  `document` varchar(191) COLLATE utf8mb4_unicode_ci DEFAULT NULL,
  `is_direct_sale` tinyint(1) NOT NULL DEFAULT '0',
  `exchange_rate` decimal(20,3) NOT NULL DEFAULT '1.000',
  `total_amount_recovered` decimal(20,2) DEFAULT NULL COMMENT 'Used for stock adjustment.',
  `transfer_parent_id` int(11) DEFAULT NULL,
  `return_parent_id` int(11) DEFAULT NULL,
  `opening_stock_product_id` int(11) DEFAULT NULL,
  `created_by` int(10) UNSIGNED NOT NULL,
  `selling_price_group_id` int(11) DEFAULT NULL,
  `created_at` timestamp NULL DEFAULT NULL,
  `updated_at` timestamp NULL DEFAULT NULL,
  `is_on_account` tinyint(1) NOT NULL DEFAULT '0'
) ENGINE=InnoDB DEFAULT CHARSET=utf8mb4 COLLATE=utf8mb4_unicode_ci;

--
-- Dumping data for table `transactions`
--

INSERT INTO `transactions` (`id`, `business_id`, `location_id`, `res_table_id`, `res_waiter_id`, `order_type`, `is_exported`, `res_order_status`, `type`, `status`, `is_quotation`, `payment_status`, `adjustment_type`, `contact_id`, `customer_group_id`, `invoice_no`, `ref_no`, `transaction_date`, `total_before_tax`, `tax_id`, `tax_amount`, `discount_type`, `discount_amount`, `shipping_details`, `shipping_charges`, `additional_notes`, `staff_note`, `final_total`, `expense_category_id`, `expense_for`, `commission_agent`, `document`, `is_direct_sale`, `exchange_rate`, `total_amount_recovered`, `transfer_parent_id`, `return_parent_id`, `opening_stock_product_id`, `created_by`, `selling_price_group_id`, `created_at`, `updated_at`, `is_on_account`) VALUES
(53, 1, 1, NULL, NULL, 'takeaway', 0, NULL, 'sell', 'final', 0, 'paid', NULL, 1, NULL, '0047', '', '2019-05-17 22:03:28', '56.00', NULL, '0.00', 'percentage', '0', NULL, '0.00', NULL, NULL, '56.00', NULL, NULL, 1, NULL, 0, '1.000', NULL, NULL, NULL, NULL, 1, 0, '2019-05-17 19:03:28', '2019-05-17 19:10:07', 0),
(54, 1, 1, NULL, NULL, 'takeaway', 0, NULL, 'sell', 'final', 0, 'paid', NULL, 1, NULL, '0048', '', '2019-05-17 22:42:17', '30.00', NULL, '0.00', 'percentage', '0', NULL, '0.00', NULL, NULL, '30.00', NULL, NULL, 1, NULL, 0, '1.000', NULL, NULL, NULL, NULL, 1, 0, '2019-05-17 19:42:17', '2019-05-17 19:42:18', 0),
(55, 1, 1, NULL, NULL, 'takeaway', 0, NULL, 'sell', 'final', 0, 'paid', NULL, 1, NULL, '0049', '', '2019-05-17 22:42:34', '30.00', NULL, '0.00', 'percentage', '0', NULL, '0.00', NULL, NULL, '30.00', NULL, NULL, 1, NULL, 0, '1.000', NULL, NULL, NULL, NULL, 1, 0, '2019-05-17 19:42:34', '2019-05-17 19:42:34', 0),
(56, 1, 1, NULL, NULL, 'takeaway', 0, NULL, 'sell', 'final', 0, 'paid', NULL, 1, NULL, '0050', '', '2019-05-17 23:18:14', '40.00', NULL, '0.00', 'percentage', '0', NULL, '0.00', NULL, NULL, '40.00', NULL, NULL, 1, NULL, 0, '1.000', NULL, NULL, NULL, NULL, 1, 0, '2019-05-17 20:18:14', '2019-05-17 20:18:15', 0),
(57, 1, 1, NULL, NULL, 'takeaway', 0, NULL, 'sell', 'final', 0, 'paid', NULL, 1, NULL, '0051', '', '2019-05-17 23:18:32', '23.00', NULL, '0.00', 'percentage', '0', NULL, '0.00', NULL, NULL, '23.00', NULL, NULL, 1, NULL, 0, '1.000', NULL, NULL, NULL, NULL, 1, 0, '2019-05-17 20:18:32', '2019-05-17 20:18:33', 0),
(58, 1, 1, NULL, NULL, 'takeaway', 0, NULL, 'sell', 'draft', 0, 'due', NULL, 1, NULL, 'vchjC', '', '2019-05-18 00:04:06', '30.00', NULL, '0.00', 'percentage', '0', NULL, '0.00', NULL, NULL, '30.00', NULL, NULL, 1, NULL, 0, '1.000', NULL, NULL, NULL, NULL, 1, 0, '2019-05-17 21:04:06', '2019-05-17 21:04:31', 0),
(59, 1, 1, NULL, NULL, 'takeaway', 0, NULL, 'sell', 'final', 0, 'paid', NULL, 1, NULL, '0052', '', '2019-05-18 03:11:43', '30.00', NULL, '0.00', 'percentage', '0', NULL, '0.00', NULL, NULL, '30.00', NULL, NULL, 1, NULL, 0, '1.000', NULL, NULL, NULL, NULL, 1, 0, '2019-05-18 00:11:44', '2019-05-18 00:11:44', 0),
(60, 1, 1, NULL, NULL, 'takeaway', 0, NULL, 'sell', 'final', 0, 'paid', NULL, 1, NULL, '0053', '', '2019-05-18 03:11:57', '8.00', NULL, '0.00', 'percentage', '0', NULL, '0.00', NULL, NULL, '8.00', NULL, NULL, 1, NULL, 0, '1.000', NULL, NULL, NULL, NULL, 1, 0, '2019-05-18 00:11:57', '2019-05-18 00:11:57', 0),
(61, 1, 1, NULL, NULL, 'takeaway', 0, NULL, 'sell', 'final', 0, 'paid', NULL, 1, NULL, '0054', '', '2019-05-18 03:16:24', '30.00', NULL, '0.00', 'percentage', '0', NULL, '0.00', NULL, NULL, '30.00', NULL, NULL, 1, NULL, 0, '1.000', NULL, NULL, NULL, NULL, 1, 0, '2019-05-18 00:16:24', '2019-05-18 00:16:24', 0),
(62, 1, 1, NULL, NULL, 'takeaway', 0, NULL, 'sell', 'final', 0, 'paid', NULL, 1, NULL, '0055', '', '2019-05-18 13:13:16', '30.00', NULL, '0.00', 'percentage', '0', NULL, '0.00', NULL, NULL, '30.00', NULL, NULL, 1, NULL, 0, '1.000', NULL, NULL, NULL, NULL, 1, 0, '2019-05-18 10:13:16', '2019-05-18 10:13:16', 0),
(63, 1, 1, NULL, NULL, 'takeaway', 0, NULL, 'sell', 'final', 0, 'paid', NULL, 1, NULL, '0056', '', '2019-05-18 13:20:34', '8.00', NULL, '0.00', 'percentage', '0', NULL, '0.00', NULL, NULL, '8.00', NULL, NULL, 1, NULL, 0, '1.000', NULL, NULL, NULL, NULL, 1, 0, '2019-05-18 10:20:34', '2019-05-18 10:20:34', 0),
(64, 1, 1, NULL, NULL, 'takeaway', 0, NULL, 'sell', 'final', 0, 'paid', NULL, 1, NULL, '0057', '', '2019-05-18 13:24:24', '6.00', NULL, '0.00', 'percentage', '0', NULL, '0.00', NULL, NULL, '6.00', NULL, NULL, 1, NULL, 0, '1.000', NULL, NULL, NULL, NULL, 1, 0, '2019-05-18 10:24:24', '2019-05-18 10:24:24', 0),
(65, 1, 1, NULL, NULL, 'takeaway', 0, NULL, 'sell', 'final', 0, 'paid', NULL, 1, NULL, '0058', '', '2019-05-18 13:36:25', '30.00', NULL, '0.00', 'percentage', '0', NULL, '0.00', NULL, NULL, '30.00', NULL, NULL, 1, NULL, 0, '1.000', NULL, NULL, NULL, NULL, 1, 0, '2019-05-18 10:36:25', '2019-05-18 10:36:25', 0),
(66, 1, 1, NULL, NULL, 'takeaway', 0, NULL, 'sell', 'final', 0, 'paid', NULL, 1, NULL, '0059', '', '2019-05-18 13:38:43', '30.00', NULL, '0.00', 'percentage', '0', NULL, '0.00', NULL, NULL, '30.00', NULL, NULL, 1, NULL, 0, '1.000', NULL, NULL, NULL, NULL, 1, 0, '2019-05-18 10:38:43', '2019-05-18 10:38:43', 0),
(67, 1, 1, NULL, NULL, 'takeaway', 0, NULL, 'sell', 'final', 0, 'paid', NULL, 1, NULL, '0060', '', '2019-05-18 13:40:14', '30.00', NULL, '0.00', 'percentage', '0', NULL, '0.00', NULL, NULL, '30.00', NULL, NULL, 1, NULL, 0, '1.000', NULL, NULL, NULL, NULL, 1, 0, '2019-05-18 10:40:14', '2019-05-18 10:40:15', 0),
(68, 1, 1, NULL, NULL, 'takeaway', 0, NULL, 'sell', 'final', 0, 'paid', NULL, 1, NULL, '0061', '', '2019-05-18 13:40:41', '30.00', NULL, '0.00', 'percentage', '0', NULL, '0.00', NULL, NULL, '30.00', NULL, NULL, 1, NULL, 0, '1.000', NULL, NULL, NULL, NULL, 1, 0, '2019-05-18 10:40:41', '2019-05-18 10:40:41', 0),
(69, 1, 1, NULL, NULL, 'takeaway', 0, NULL, 'sell', 'final', 0, 'paid', NULL, 1, NULL, '0062', '', '2019-05-18 13:44:10', '30.00', NULL, '0.00', 'percentage', '0', NULL, '0.00', NULL, NULL, '30.00', NULL, NULL, 1, NULL, 0, '1.000', NULL, NULL, NULL, NULL, 1, 0, '2019-05-18 10:44:10', '2019-05-18 10:44:11', 0),
(70, 1, 1, NULL, NULL, 'takeaway', 0, NULL, 'sell', 'final', 0, 'paid', NULL, 1, NULL, '0063', '', '2019-05-18 14:01:51', '30.00', NULL, '0.00', 'percentage', '0', NULL, '0.00', NULL, NULL, '30.00', NULL, NULL, 1, NULL, 0, '1.000', NULL, NULL, NULL, NULL, 1, 0, '2019-05-18 11:01:51', '2019-05-18 11:01:51', 0),
(71, 1, 1, NULL, NULL, 'takeaway', 0, NULL, 'sell', 'final', 0, 'paid', NULL, 1, NULL, '0064', '', '2019-05-18 14:02:07', '37.00', NULL, '0.00', 'percentage', '0', NULL, '0.00', NULL, NULL, '37.00', NULL, NULL, 1, NULL, 0, '1.000', NULL, NULL, NULL, NULL, 1, 0, '2019-05-18 11:02:07', '2019-05-18 11:02:07', 0),
(72, 1, 1, NULL, NULL, 'takeaway', 0, NULL, 'sell', 'final', 0, 'paid', NULL, 1, NULL, '0065', '', '2019-05-18 15:12:04', '38.00', NULL, '0.00', 'percentage', '0', NULL, '0.00', NULL, NULL, '38.00', NULL, NULL, 1, NULL, 0, '1.000', NULL, NULL, NULL, NULL, 1, 0, '2019-05-18 12:12:05', '2019-05-18 12:12:07', 0),
(73, 1, 1, NULL, NULL, 'takeaway', 0, NULL, 'sell', 'final', 0, 'paid', NULL, 1, NULL, '0066', '', '2019-05-18 15:16:25', '30.00', NULL, '0.00', 'percentage', '0', NULL, '0.00', NULL, NULL, '30.00', NULL, NULL, 1, NULL, 0, '1.000', NULL, NULL, NULL, NULL, 1, 0, '2019-05-18 12:16:25', '2019-05-18 12:16:25', 0),
(74, 1, 1, NULL, NULL, 'takeaway', 0, NULL, 'sell', 'final', 0, 'paid', NULL, 1, NULL, '0067', '', '2019-05-18 15:16:52', '30.00', NULL, '0.00', 'percentage', '0', NULL, '0.00', NULL, NULL, '30.00', NULL, NULL, 1, NULL, 0, '1.000', NULL, NULL, NULL, NULL, 1, 0, '2019-05-18 12:16:52', '2019-05-18 12:16:52', 0),
(75, 1, 1, NULL, NULL, 'takeaway', 0, NULL, 'sell', 'final', 0, 'paid', NULL, 1, NULL, '0068', '', '2019-05-18 15:17:50', '53.00', NULL, '0.00', 'percentage', '0', NULL, '0.00', NULL, NULL, '53.00', NULL, NULL, 1, NULL, 0, '1.000', NULL, NULL, NULL, NULL, 1, 0, '2019-05-18 12:17:50', '2019-05-18 12:17:51', 0),
(76, 1, 1, NULL, NULL, 'takeaway', 0, NULL, 'sell', 'final', 0, 'paid', NULL, 1, NULL, '0069', '', '2019-05-18 15:26:17', '8.00', NULL, '0.00', 'percentage', '0', NULL, '0.00', NULL, NULL, '8.00', NULL, NULL, 1, NULL, 0, '1.000', NULL, NULL, NULL, NULL, 1, 0, '2019-05-18 12:26:17', '2019-05-18 12:26:17', 0),
(77, 1, 1, NULL, NULL, 'takeaway', 0, NULL, 'sell', 'final', 0, 'paid', NULL, 1, NULL, '0070', '', '2019-05-18 15:28:36', '30.00', NULL, '0.00', 'percentage', '0', NULL, '0.00', NULL, NULL, '30.00', NULL, NULL, 1, NULL, 0, '1.000', NULL, NULL, NULL, NULL, 1, 0, '2019-05-18 12:28:36', '2019-05-18 12:28:36', 0),
(78, 1, 1, NULL, NULL, 'takeaway', 0, NULL, 'sell', 'final', 0, 'paid', NULL, 1, NULL, '0071', '', '2019-05-18 15:29:21', '30.00', NULL, '0.00', 'percentage', '0', NULL, '0.00', NULL, NULL, '30.00', NULL, NULL, 1, NULL, 0, '1.000', NULL, NULL, NULL, NULL, 1, 0, '2019-05-18 12:29:21', '2019-05-18 12:29:21', 0),
(79, 1, 1, NULL, NULL, 'takeaway', 0, NULL, 'sell', 'final', 0, 'paid', NULL, 1, NULL, '0072', '', '2019-05-18 15:30:12', '30.00', NULL, '0.00', 'percentage', '0', NULL, '0.00', NULL, NULL, '30.00', NULL, NULL, 1, NULL, 0, '1.000', NULL, NULL, NULL, NULL, 1, 0, '2019-05-18 12:30:12', '2019-05-18 12:30:12', 0),
(80, 1, 1, NULL, NULL, 'takeaway', 0, NULL, 'sell', 'final', 0, 'paid', NULL, 1, NULL, '0073', '', '2019-05-18 15:30:55', '30.00', NULL, '0.00', 'percentage', '0', NULL, '0.00', NULL, NULL, '30.00', NULL, NULL, 1, NULL, 0, '1.000', NULL, NULL, NULL, NULL, 1, 0, '2019-05-18 12:30:55', '2019-05-18 12:30:56', 0),
(81, 1, 1, NULL, NULL, 'takeaway', 0, NULL, 'sell', 'final', 0, 'paid', NULL, 1, NULL, '0074', '', '2019-05-18 15:31:52', '30.00', NULL, '0.00', 'percentage', '0', NULL, '0.00', NULL, NULL, '30.00', NULL, NULL, 1, NULL, 0, '1.000', NULL, NULL, NULL, NULL, 1, 0, '2019-05-18 12:31:52', '2019-05-18 12:31:52', 0),
(82, 1, 1, NULL, NULL, 'takeaway', 0, NULL, 'sell', 'final', 0, 'paid', NULL, 1, NULL, '0075', '', '2019-05-18 15:32:38', '30.00', NULL, '0.00', 'percentage', '0', NULL, '0.00', NULL, NULL, '30.00', NULL, NULL, 1, NULL, 0, '1.000', NULL, NULL, NULL, NULL, 1, 0, '2019-05-18 12:32:38', '2019-05-18 12:32:38', 0),
(83, 1, 1, NULL, NULL, 'takeaway', 0, NULL, 'sell', 'final', 0, 'paid', NULL, 1, NULL, '0076', '', '2019-05-18 15:33:38', '30.00', NULL, '0.00', 'percentage', '0', NULL, '0.00', NULL, NULL, '30.00', NULL, NULL, 1, NULL, 0, '1.000', NULL, NULL, NULL, NULL, 1, 0, '2019-05-18 12:33:38', '2019-05-18 12:33:41', 0),
(84, 1, 1, NULL, NULL, 'takeaway', 0, NULL, 'sell', 'final', 0, 'paid', NULL, 1, NULL, '0077', '', '2019-05-18 15:34:46', '30.00', NULL, '0.00', 'percentage', '0', NULL, '0.00', NULL, NULL, '30.00', NULL, NULL, 1, NULL, 0, '1.000', NULL, NULL, NULL, NULL, 1, 0, '2019-05-18 12:34:46', '2019-05-18 12:34:46', 0);

-- --------------------------------------------------------

--
-- Table structure for table `transaction_payments`
--

CREATE TABLE `transaction_payments` (
  `id` int(10) UNSIGNED NOT NULL,
  `transaction_id` int(11) UNSIGNED DEFAULT NULL,
  `is_return` tinyint(1) NOT NULL DEFAULT '0' COMMENT 'Used during sales to return the change',
  `is_exported` tinyint(1) NOT NULL DEFAULT '0',
  `amount` decimal(20,2) NOT NULL DEFAULT '0.00',
  `method` enum('cash','card','cheque','bank_transfer','custom_pay_1','custom_pay_2','custom_pay_3','other') COLLATE utf8mb4_unicode_ci DEFAULT NULL,
  `transaction_no` varchar(191) COLLATE utf8mb4_unicode_ci DEFAULT NULL,
  `card_transaction_number` varchar(191) COLLATE utf8mb4_unicode_ci DEFAULT NULL,
  `card_number` varchar(191) COLLATE utf8mb4_unicode_ci DEFAULT NULL,
  `card_type` enum('visa','master') COLLATE utf8mb4_unicode_ci DEFAULT NULL,
  `card_holder_name` varchar(191) COLLATE utf8mb4_unicode_ci DEFAULT NULL,
  `card_month` varchar(191) COLLATE utf8mb4_unicode_ci DEFAULT NULL,
  `card_year` varchar(191) COLLATE utf8mb4_unicode_ci DEFAULT NULL,
  `card_security` varchar(5) COLLATE utf8mb4_unicode_ci DEFAULT NULL,
  `cheque_number` varchar(191) COLLATE utf8mb4_unicode_ci DEFAULT NULL,
  `bank_account_number` varchar(191) COLLATE utf8mb4_unicode_ci DEFAULT NULL,
  `paid_on` datetime DEFAULT NULL,
  `created_by` int(11) NOT NULL,
  `payment_for` int(11) DEFAULT NULL,
  `parent_id` int(11) DEFAULT NULL,
  `note` varchar(191) COLLATE utf8mb4_unicode_ci DEFAULT NULL,
  `payment_ref_no` varchar(191) COLLATE utf8mb4_unicode_ci DEFAULT NULL,
  `created_at` timestamp NULL DEFAULT NULL,
  `updated_at` timestamp NULL DEFAULT NULL
) ENGINE=InnoDB DEFAULT CHARSET=utf8mb4 COLLATE=utf8mb4_unicode_ci;

--
-- Dumping data for table `transaction_payments`
--

INSERT INTO `transaction_payments` (`id`, `transaction_id`, `is_return`, `is_exported`, `amount`, `method`, `transaction_no`, `card_transaction_number`, `card_number`, `card_type`, `card_holder_name`, `card_month`, `card_year`, `card_security`, `cheque_number`, `bank_account_number`, `paid_on`, `created_by`, `payment_for`, `parent_id`, `note`, `payment_ref_no`, `created_at`, `updated_at`) VALUES
(54, 53, 0, 0, '56.00', 'cash', NULL, NULL, NULL, '', NULL, NULL, NULL, NULL, NULL, NULL, '2019-05-17 22:10:07', 1, 1, NULL, NULL, 'SP2019/0054', '2019-05-17 19:10:07', '2019-05-17 19:10:07'),
(55, 54, 0, 0, '30.00', 'cash', NULL, NULL, NULL, '', NULL, NULL, NULL, NULL, NULL, NULL, '2019-05-17 22:42:18', 1, 1, NULL, NULL, 'SP2019/0055', '2019-05-17 19:42:18', '2019-05-17 19:42:18'),
(56, 55, 0, 0, '30.00', 'cash', NULL, NULL, NULL, '', NULL, NULL, NULL, NULL, NULL, NULL, '2019-05-17 22:42:34', 1, 1, NULL, NULL, 'SP2019/0056', '2019-05-17 19:42:34', '2019-05-17 19:42:34'),
(57, 56, 0, 0, '40.00', 'cash', NULL, NULL, NULL, '', NULL, NULL, NULL, NULL, NULL, NULL, '2019-05-17 23:18:15', 1, 1, NULL, NULL, 'SP2019/0057', '2019-05-17 20:18:15', '2019-05-17 20:18:15'),
(58, 57, 0, 0, '23.00', 'cash', NULL, NULL, NULL, '', NULL, NULL, NULL, NULL, NULL, NULL, '2019-05-17 23:18:33', 1, 1, NULL, NULL, 'SP2019/0058', '2019-05-17 20:18:33', '2019-05-17 20:18:33'),
(59, 59, 0, 0, '30.00', 'cash', NULL, NULL, NULL, '', NULL, NULL, NULL, NULL, NULL, NULL, '2019-05-18 03:11:44', 1, 1, NULL, NULL, 'SP2019/0059', '2019-05-18 00:11:44', '2019-05-18 00:11:44'),
(60, 60, 0, 0, '8.00', 'cash', NULL, NULL, NULL, '', NULL, NULL, NULL, NULL, NULL, NULL, '2019-05-18 03:11:57', 1, 1, NULL, NULL, 'SP2019/0060', '2019-05-18 00:11:57', '2019-05-18 00:11:57'),
(61, 61, 0, 0, '30.00', 'cash', NULL, NULL, NULL, '', NULL, NULL, NULL, NULL, NULL, NULL, '2019-05-18 03:16:24', 1, 1, NULL, NULL, 'SP2019/0061', '2019-05-18 00:16:24', '2019-05-18 00:16:24'),
(62, 62, 0, 0, '30.00', 'cash', NULL, NULL, NULL, '', NULL, NULL, NULL, NULL, NULL, NULL, '2019-05-18 13:13:16', 1, 1, NULL, NULL, 'SP2019/0062', '2019-05-18 10:13:16', '2019-05-18 10:13:16'),
(63, 63, 0, 0, '8.00', 'cash', NULL, NULL, NULL, '', NULL, NULL, NULL, NULL, NULL, NULL, '2019-05-18 13:20:34', 1, 1, NULL, NULL, 'SP2019/0063', '2019-05-18 10:20:34', '2019-05-18 10:20:34'),
(64, 64, 0, 0, '6.00', 'cash', NULL, NULL, NULL, '', NULL, NULL, NULL, NULL, NULL, NULL, '2019-05-18 13:24:24', 1, 1, NULL, NULL, 'SP2019/0064', '2019-05-18 10:24:24', '2019-05-18 10:24:24'),
(65, 65, 0, 0, '30.00', 'cash', NULL, NULL, NULL, '', NULL, NULL, NULL, NULL, NULL, NULL, '2019-05-18 13:36:25', 1, 1, NULL, NULL, 'SP2019/0065', '2019-05-18 10:36:25', '2019-05-18 10:36:25'),
(66, 66, 0, 0, '30.00', 'cash', NULL, NULL, NULL, '', NULL, NULL, NULL, NULL, NULL, NULL, '2019-05-18 13:38:43', 1, 1, NULL, NULL, 'SP2019/0066', '2019-05-18 10:38:43', '2019-05-18 10:38:43'),
(67, 67, 0, 0, '30.00', 'cash', NULL, NULL, NULL, '', NULL, NULL, NULL, NULL, NULL, NULL, '2019-05-18 13:40:14', 1, 1, NULL, NULL, 'SP2019/0067', '2019-05-18 10:40:14', '2019-05-18 10:40:14'),
(68, 68, 0, 0, '30.00', 'cash', NULL, NULL, NULL, '', NULL, NULL, NULL, NULL, NULL, NULL, '2019-05-18 13:40:41', 1, 1, NULL, NULL, 'SP2019/0068', '2019-05-18 10:40:41', '2019-05-18 10:40:41'),
(69, 69, 0, 0, '30.00', 'cash', NULL, NULL, NULL, '', NULL, NULL, NULL, NULL, NULL, NULL, '2019-05-18 13:44:10', 1, 1, NULL, NULL, 'SP2019/0069', '2019-05-18 10:44:10', '2019-05-18 10:44:10'),
(70, 70, 0, 0, '30.00', 'cash', NULL, NULL, NULL, '', NULL, NULL, NULL, NULL, NULL, NULL, '2019-05-18 14:01:51', 1, 1, NULL, NULL, 'SP2019/0070', '2019-05-18 11:01:51', '2019-05-18 11:01:51'),
(71, 71, 0, 0, '37.00', 'cash', NULL, NULL, NULL, '', NULL, NULL, NULL, NULL, NULL, NULL, '2019-05-18 14:02:07', 1, 1, NULL, NULL, 'SP2019/0071', '2019-05-18 11:02:07', '2019-05-18 11:02:07'),
(72, 72, 0, 0, '38.00', 'cash', NULL, NULL, NULL, '', NULL, NULL, NULL, NULL, NULL, NULL, '2019-05-18 15:12:05', 1, 1, NULL, NULL, 'SP2019/0072', '2019-05-18 12:12:05', '2019-05-18 12:12:05'),
(73, 73, 0, 0, '30.00', 'cash', NULL, NULL, NULL, '', NULL, NULL, NULL, NULL, NULL, NULL, '2019-05-18 15:16:25', 1, 1, NULL, NULL, 'SP2019/0073', '2019-05-18 12:16:25', '2019-05-18 12:16:25'),
(74, 74, 0, 0, '30.00', 'cash', NULL, NULL, NULL, '', NULL, NULL, NULL, NULL, NULL, NULL, '2019-05-18 15:16:52', 1, 1, NULL, NULL, 'SP2019/0074', '2019-05-18 12:16:52', '2019-05-18 12:16:52'),
(75, 75, 0, 0, '53.00', 'cash', NULL, NULL, NULL, '', NULL, NULL, NULL, NULL, NULL, NULL, '2019-05-18 15:17:51', 1, 1, NULL, NULL, 'SP2019/0075', '2019-05-18 12:17:51', '2019-05-18 12:17:51'),
(76, 76, 0, 0, '8.00', 'cash', NULL, NULL, NULL, '', NULL, NULL, NULL, NULL, NULL, NULL, '2019-05-18 15:26:17', 1, 1, NULL, NULL, 'SP2019/0076', '2019-05-18 12:26:17', '2019-05-18 12:26:17'),
(77, 77, 0, 0, '30.00', 'cash', NULL, NULL, NULL, '', NULL, NULL, NULL, NULL, NULL, NULL, '2019-05-18 15:28:36', 1, 1, NULL, NULL, 'SP2019/0077', '2019-05-18 12:28:36', '2019-05-18 12:28:36'),
(78, 78, 0, 0, '30.00', 'cash', NULL, NULL, NULL, '', NULL, NULL, NULL, NULL, NULL, NULL, '2019-05-18 15:29:21', 1, 1, NULL, NULL, 'SP2019/0078', '2019-05-18 12:29:21', '2019-05-18 12:29:21'),
(79, 79, 0, 0, '30.00', 'cash', NULL, NULL, NULL, '', NULL, NULL, NULL, NULL, NULL, NULL, '2019-05-18 15:30:12', 1, 1, NULL, NULL, 'SP2019/0079', '2019-05-18 12:30:12', '2019-05-18 12:30:12'),
(80, 80, 0, 0, '30.00', 'cash', NULL, NULL, NULL, '', NULL, NULL, NULL, NULL, NULL, NULL, '2019-05-18 15:30:56', 1, 1, NULL, NULL, 'SP2019/0080', '2019-05-18 12:30:56', '2019-05-18 12:30:56'),
(81, 81, 0, 0, '30.00', 'cash', NULL, NULL, NULL, '', NULL, NULL, NULL, NULL, NULL, NULL, '2019-05-18 15:31:52', 1, 1, NULL, NULL, 'SP2019/0081', '2019-05-18 12:31:52', '2019-05-18 12:31:52'),
(82, 82, 0, 0, '30.00', 'cash', NULL, NULL, NULL, '', NULL, NULL, NULL, NULL, NULL, NULL, '2019-05-18 15:32:38', 1, 1, NULL, NULL, 'SP2019/0082', '2019-05-18 12:32:38', '2019-05-18 12:32:38'),
(83, 83, 0, 0, '30.00', 'cash', NULL, NULL, NULL, '', NULL, NULL, NULL, NULL, NULL, NULL, '2019-05-18 15:33:41', 1, 1, NULL, NULL, 'SP2019/0083', '2019-05-18 12:33:41', '2019-05-18 12:33:41'),
(84, 84, 0, 0, '30.00', 'cash', NULL, NULL, NULL, '', NULL, NULL, NULL, NULL, NULL, NULL, '2019-05-18 15:34:46', 1, 1, NULL, NULL, 'SP2019/0084', '2019-05-18 12:34:46', '2019-05-18 12:34:46');

-- --------------------------------------------------------

--
-- Table structure for table `transaction_sell_lines`
--

CREATE TABLE `transaction_sell_lines` (
  `id` int(10) UNSIGNED NOT NULL,
  `transaction_id` int(10) UNSIGNED NOT NULL,
  `product_id` int(10) UNSIGNED NOT NULL,
  `variation_id` int(10) UNSIGNED NOT NULL,
  `is_meal` tinyint(1) NOT NULL DEFAULT '0',
  `is_exported` tinyint(1) NOT NULL DEFAULT '0',
  `quantity` decimal(20,4) NOT NULL,
  `quantity_returned` decimal(20,4) NOT NULL DEFAULT '0.0000',
  `unit_price_before_discount` decimal(20,2) NOT NULL DEFAULT '0.00',
  `unit_price` decimal(20,2) DEFAULT NULL,
  `line_discount_type` enum('fixed','percentage') COLLATE utf8mb4_unicode_ci DEFAULT NULL,
  `line_discount_amount` decimal(20,2) NOT NULL DEFAULT '0.00',
  `unit_price_inc_tax` decimal(20,2) DEFAULT NULL,
  `item_tax` decimal(20,2) DEFAULT NULL,
  `tax_id` int(10) UNSIGNED DEFAULT NULL,
  `lot_no_line_id` int(11) DEFAULT NULL,
  `sell_line_note` text COLLATE utf8mb4_unicode_ci,
  `parent_sell_line_id` int(11) DEFAULT NULL,
  `created_at` timestamp NULL DEFAULT NULL,
  `updated_at` timestamp NULL DEFAULT NULL
) ENGINE=InnoDB DEFAULT CHARSET=utf8mb4 COLLATE=utf8mb4_unicode_ci;

--
-- Dumping data for table `transaction_sell_lines`
--

INSERT INTO `transaction_sell_lines` (`id`, `transaction_id`, `product_id`, `variation_id`, `is_meal`, `is_exported`, `quantity`, `quantity_returned`, `unit_price_before_discount`, `unit_price`, `line_discount_type`, `line_discount_amount`, `unit_price_inc_tax`, `item_tax`, `tax_id`, `lot_no_line_id`, `sell_line_note`, `parent_sell_line_id`, `created_at`, `updated_at`) VALUES
(127, 53, 179, 203, 0, 0, '1.0000', '0.0000', '2.00', '2.00', 'fixed', '0.00', '2.00', '0.00', NULL, NULL, '', NULL, '2019-05-17 19:03:28', '2019-05-17 19:10:07'),
(128, 53, 181, 205, 0, 0, '1.0000', '0.0000', '2.00', '2.00', 'fixed', '0.00', '2.00', '0.00', NULL, NULL, '', NULL, '2019-05-17 19:03:28', '2019-05-17 19:10:07'),
(129, 53, 180, 204, 0, 0, '1.0000', '0.0000', '2.00', '2.00', 'fixed', '0.00', '2.00', '0.00', NULL, NULL, '', NULL, '2019-05-17 19:03:28', '2019-05-17 19:10:07'),
(130, 53, 183, 207, 0, 0, '1.0000', '0.0000', '8.00', '8.00', 'fixed', '0.00', '8.00', '0.00', NULL, NULL, '', NULL, '2019-05-17 19:03:28', '2019-05-17 19:10:07'),
(131, 53, 192, 216, 0, 0, '1.0000', '0.0000', '3.00', '3.00', 'fixed', '0.00', '3.00', '0.00', NULL, NULL, '', NULL, '2019-05-17 19:03:28', '2019-05-17 19:10:07'),
(132, 53, 190, 214, 0, 0, '1.0000', '0.0000', '6.00', '6.00', 'fixed', '0.00', '6.00', '0.00', NULL, NULL, '', NULL, '2019-05-17 19:03:28', '2019-05-17 19:10:07'),
(135, 53, 182, 206, 0, 0, '1.0000', '0.0000', '8.00', '8.00', 'fixed', '0.00', '8.00', '0.00', NULL, NULL, '', NULL, '2019-05-17 19:03:28', '2019-05-17 19:10:07'),
(136, 53, 184, 208, 0, 0, '1.0000', '0.0000', '5.00', '5.00', 'fixed', '0.00', '5.00', '0.00', NULL, NULL, '', NULL, '2019-05-17 19:03:28', '2019-05-17 19:10:07'),
(137, 53, 185, 209, 0, 0, '1.0000', '0.0000', '5.00', '5.00', 'fixed', '0.00', '5.00', '0.00', NULL, NULL, '', NULL, '2019-05-17 19:03:53', '2019-05-17 19:10:07'),
(138, 54, 172, 196, 0, 0, '1.0000', '0.0000', '30.00', '30.00', 'fixed', '0.00', '30.00', '0.00', NULL, NULL, '', NULL, '2019-05-17 19:42:18', '2019-05-17 19:42:18'),
(139, 55, 172, 196, 0, 0, '1.0000', '0.0000', '30.00', '30.00', 'fixed', '0.00', '30.00', '0.00', NULL, NULL, '', NULL, '2019-05-17 19:42:34', '2019-05-17 19:42:34'),
(140, 56, 166, 190, 0, 0, '1.0000', '0.0000', '10.00', '10.00', 'fixed', '0.00', '10.00', '0.00', NULL, NULL, '', NULL, '2019-05-17 20:18:14', '2019-05-17 20:18:14'),
(141, 56, 172, 196, 0, 0, '1.0000', '0.0000', '30.00', '30.00', 'fixed', '0.00', '30.00', '0.00', NULL, NULL, '', NULL, '2019-05-17 20:18:15', '2019-05-17 20:18:15'),
(142, 56, 195, 219, 0, 0, '1.0000', '0.0000', '0.00', '0.00', NULL, '0.00', '0.00', NULL, NULL, NULL, NULL, 141, '2019-05-17 20:18:15', '2019-05-17 20:18:15'),
(143, 57, 170, 194, 0, 0, '1.0000', '0.0000', '8.00', '8.00', 'fixed', '0.00', '8.00', '0.00', NULL, NULL, '', NULL, '2019-05-17 20:18:32', '2019-05-17 20:18:32'),
(144, 57, 170, 194, 0, 0, '1.0000', '0.0000', '8.00', '8.00', 'fixed', '0.00', '8.00', '0.00', NULL, NULL, '', NULL, '2019-05-17 20:18:32', '2019-05-17 20:18:32'),
(145, 57, 169, 193, 0, 0, '1.0000', '0.0000', '7.00', '7.00', 'fixed', '0.00', '7.00', '0.00', NULL, NULL, '', NULL, '2019-05-17 20:18:32', '2019-05-17 20:18:32'),
(146, 57, 195, 219, 0, 0, '1.0000', '0.0000', '0.00', '0.00', NULL, '0.00', '0.00', NULL, NULL, NULL, NULL, 144, '2019-05-17 20:18:32', '2019-05-17 20:18:32'),
(147, 57, 195, 220, 0, 0, '1.0000', '0.0000', '0.00', '0.00', NULL, '0.00', '0.00', NULL, NULL, NULL, NULL, 145, '2019-05-17 20:18:33', '2019-05-17 20:18:33'),
(148, 58, 166, 190, 0, 0, '1.0000', '0.0000', '10.00', '10.00', 'fixed', '0.00', '10.00', '0.00', NULL, NULL, '', NULL, '2019-05-17 21:04:06', '2019-05-17 21:04:30'),
(149, 58, 198, 226, 0, 0, '1.0000', '0.0000', '13.00', '13.00', 'fixed', '0.00', '13.00', '0.00', NULL, NULL, '', NULL, '2019-05-17 21:04:07', '2019-05-17 21:04:30'),
(150, 58, 195, 220, 0, 0, '1.0000', '0.0000', '0.00', '0.00', NULL, '0.00', '0.00', NULL, NULL, NULL, NULL, 148, '2019-05-17 21:04:07', '2019-05-17 21:04:07'),
(151, 58, 169, 193, 0, 0, '1.0000', '0.0000', '7.00', '7.00', 'fixed', '0.00', '7.00', '0.00', NULL, NULL, '', NULL, '2019-05-17 21:04:30', '2019-05-17 21:04:30'),
(152, 58, 195, 219, 0, 0, '1.0000', '0.0000', '0.00', '0.00', NULL, '0.00', '0.00', NULL, NULL, NULL, NULL, 151, '2019-05-17 21:04:30', '2019-05-17 21:04:30'),
(153, 59, 172, 196, 0, 0, '1.0000', '0.0000', '30.00', '30.00', 'fixed', '0.00', '30.00', '0.00', NULL, NULL, '', NULL, '2019-05-18 00:11:44', '2019-05-18 00:11:44'),
(154, 59, 195, 220, 0, 0, '1.0000', '0.0000', '0.00', '0.00', NULL, '0.00', '0.00', NULL, NULL, NULL, NULL, 153, '2019-05-18 00:11:44', '2019-05-18 00:11:44'),
(155, 60, 170, 194, 0, 0, '1.0000', '0.0000', '8.00', '8.00', 'fixed', '0.00', '8.00', '0.00', NULL, NULL, '', NULL, '2019-05-18 00:11:57', '2019-05-18 00:11:57'),
(156, 60, 195, 220, 0, 0, '1.0000', '0.0000', '0.00', '0.00', NULL, '0.00', '0.00', NULL, NULL, NULL, NULL, 155, '2019-05-18 00:11:57', '2019-05-18 00:11:57'),
(157, 61, 172, 196, 0, 0, '1.0000', '0.0000', '30.00', '30.00', 'fixed', '0.00', '30.00', '0.00', NULL, NULL, '', NULL, '2019-05-18 00:16:24', '2019-05-18 00:16:24'),
(158, 61, 195, 219, 0, 0, '1.0000', '0.0000', '0.00', '0.00', NULL, '0.00', '0.00', NULL, NULL, NULL, NULL, 157, '2019-05-18 00:16:24', '2019-05-18 00:16:24'),
(159, 62, 172, 196, 0, 0, '1.0000', '0.0000', '30.00', '30.00', 'fixed', '0.00', '30.00', '0.00', NULL, NULL, '', NULL, '2019-05-18 10:13:16', '2019-05-18 10:13:16'),
(160, 62, 195, 220, 0, 0, '1.0000', '0.0000', '0.00', '0.00', NULL, '0.00', '0.00', NULL, NULL, NULL, NULL, 159, '2019-05-18 10:13:16', '2019-05-18 10:13:16'),
(161, 63, 170, 194, 0, 0, '1.0000', '0.0000', '8.00', '8.00', 'fixed', '0.00', '8.00', '0.00', NULL, NULL, '', NULL, '2019-05-18 10:20:34', '2019-05-18 10:20:34'),
(162, 63, 195, 220, 0, 0, '1.0000', '0.0000', '0.00', '0.00', NULL, '0.00', '0.00', NULL, NULL, NULL, NULL, 161, '2019-05-18 10:20:34', '2019-05-18 10:20:34'),
(163, 64, 168, 192, 0, 0, '1.0000', '0.0000', '6.00', '6.00', 'fixed', '0.00', '6.00', '0.00', NULL, NULL, '', NULL, '2019-05-18 10:24:24', '2019-05-18 10:24:24'),
(164, 64, 195, 220, 0, 0, '1.0000', '0.0000', '0.00', '0.00', NULL, '0.00', '0.00', NULL, NULL, NULL, NULL, 163, '2019-05-18 10:24:24', '2019-05-18 10:24:24'),
(165, 65, 172, 196, 0, 0, '1.0000', '0.0000', '30.00', '30.00', 'fixed', '0.00', '30.00', '0.00', NULL, NULL, '', NULL, '2019-05-18 10:36:25', '2019-05-18 10:36:25'),
(166, 65, 195, 220, 0, 0, '1.0000', '0.0000', '0.00', '0.00', NULL, '0.00', '0.00', NULL, NULL, NULL, NULL, 165, '2019-05-18 10:36:25', '2019-05-18 10:36:25'),
(167, 66, 172, 196, 0, 0, '1.0000', '0.0000', '30.00', '30.00', 'fixed', '0.00', '30.00', '0.00', NULL, NULL, '', NULL, '2019-05-18 10:38:43', '2019-05-18 10:38:43'),
(168, 66, 195, 220, 0, 0, '1.0000', '0.0000', '0.00', '0.00', NULL, '0.00', '0.00', NULL, NULL, NULL, NULL, 167, '2019-05-18 10:38:43', '2019-05-18 10:38:43'),
(169, 67, 172, 196, 0, 0, '1.0000', '0.0000', '30.00', '30.00', 'fixed', '0.00', '30.00', '0.00', NULL, NULL, '', NULL, '2019-05-18 10:40:14', '2019-05-18 10:40:14'),
(170, 67, 195, 220, 0, 0, '1.0000', '0.0000', '0.00', '0.00', NULL, '0.00', '0.00', NULL, NULL, NULL, NULL, 169, '2019-05-18 10:40:14', '2019-05-18 10:40:14'),
(171, 68, 172, 196, 0, 0, '1.0000', '0.0000', '30.00', '30.00', 'fixed', '0.00', '30.00', '0.00', NULL, NULL, '', NULL, '2019-05-18 10:40:41', '2019-05-18 10:40:41'),
(172, 68, 195, 219, 0, 0, '1.0000', '0.0000', '0.00', '0.00', NULL, '0.00', '0.00', NULL, NULL, NULL, NULL, 171, '2019-05-18 10:40:41', '2019-05-18 10:40:41'),
(173, 69, 172, 196, 0, 0, '1.0000', '0.0000', '30.00', '30.00', 'fixed', '0.00', '30.00', '0.00', NULL, NULL, '', NULL, '2019-05-18 10:44:10', '2019-05-18 10:44:10'),
(174, 69, 195, 219, 0, 0, '1.0000', '0.0000', '0.00', '0.00', NULL, '0.00', '0.00', NULL, NULL, NULL, NULL, 173, '2019-05-18 10:44:10', '2019-05-18 10:44:10'),
(175, 70, 172, 196, 0, 0, '1.0000', '0.0000', '30.00', '30.00', 'fixed', '0.00', '30.00', '0.00', NULL, NULL, '', NULL, '2019-05-18 11:01:51', '2019-05-18 11:01:51'),
(176, 70, 195, 219, 0, 0, '1.0000', '0.0000', '0.00', '0.00', NULL, '0.00', '0.00', NULL, NULL, NULL, NULL, 175, '2019-05-18 11:01:51', '2019-05-18 11:01:51'),
(177, 71, 169, 193, 0, 0, '1.0000', '0.0000', '7.00', '7.00', 'fixed', '0.00', '7.00', '0.00', NULL, NULL, '', NULL, '2019-05-18 11:02:07', '2019-05-18 11:02:07'),
(178, 71, 172, 196, 0, 0, '1.0000', '0.0000', '30.00', '30.00', 'fixed', '0.00', '30.00', '0.00', NULL, NULL, '', NULL, '2019-05-18 11:02:07', '2019-05-18 11:02:07'),
(179, 71, 195, 220, 0, 0, '1.0000', '0.0000', '0.00', '0.00', NULL, '0.00', '0.00', NULL, NULL, NULL, NULL, 177, '2019-05-18 11:02:07', '2019-05-18 11:02:07'),
(180, 71, 195, 219, 0, 0, '1.0000', '0.0000', '0.00', '0.00', NULL, '0.00', '0.00', NULL, NULL, NULL, NULL, 178, '2019-05-18 11:02:07', '2019-05-18 11:02:07'),
(181, 72, 172, 196, 0, 0, '1.0000', '0.0000', '30.00', '30.00', 'fixed', '0.00', '30.00', '0.00', NULL, NULL, '', NULL, '2019-05-18 12:12:05', '2019-05-18 12:12:05'),
(182, 72, 170, 194, 0, 0, '1.0000', '0.0000', '8.00', '8.00', 'fixed', '0.00', '8.00', '0.00', NULL, NULL, '', NULL, '2019-05-18 12:12:05', '2019-05-18 12:12:05'),
(183, 72, 195, 219, 0, 0, '1.0000', '0.0000', '0.00', '0.00', NULL, '0.00', '0.00', NULL, NULL, NULL, NULL, 181, '2019-05-18 12:12:05', '2019-05-18 12:12:05'),
(184, 72, 195, 219, 0, 0, '1.0000', '0.0000', '0.00', '0.00', NULL, '0.00', '0.00', NULL, NULL, NULL, NULL, 182, '2019-05-18 12:12:05', '2019-05-18 12:12:05'),
(185, 73, 172, 196, 0, 0, '1.0000', '0.0000', '30.00', '30.00', 'fixed', '0.00', '30.00', '0.00', NULL, NULL, '', NULL, '2019-05-18 12:16:25', '2019-05-18 12:16:25'),
(186, 73, 195, 220, 0, 0, '1.0000', '0.0000', '0.00', '0.00', NULL, '0.00', '0.00', NULL, NULL, NULL, NULL, 185, '2019-05-18 12:16:25', '2019-05-18 12:16:25'),
(187, 74, 172, 196, 0, 0, '1.0000', '0.0000', '30.00', '30.00', 'fixed', '0.00', '30.00', '0.00', NULL, NULL, '', NULL, '2019-05-18 12:16:52', '2019-05-18 12:16:52'),
(188, 74, 195, 220, 0, 0, '1.0000', '0.0000', '0.00', '0.00', NULL, '0.00', '0.00', NULL, NULL, NULL, NULL, 187, '2019-05-18 12:16:52', '2019-05-18 12:16:52'),
(189, 75, 171, 195, 0, 0, '1.0000', '0.0000', '8.00', '8.00', 'fixed', '0.00', '8.00', '0.00', NULL, NULL, '', NULL, '2019-05-18 12:17:50', '2019-05-18 12:17:50'),
(190, 75, 170, 194, 0, 0, '1.0000', '0.0000', '8.00', '8.00', 'fixed', '0.00', '8.00', '0.00', NULL, NULL, '', NULL, '2019-05-18 12:17:50', '2019-05-18 12:17:50'),
(191, 75, 172, 196, 0, 0, '1.0000', '0.0000', '30.00', '30.00', 'fixed', '0.00', '30.00', '0.00', NULL, NULL, '', NULL, '2019-05-18 12:17:50', '2019-05-18 12:17:50'),
(192, 75, 169, 193, 0, 0, '1.0000', '0.0000', '7.00', '7.00', 'fixed', '0.00', '7.00', '0.00', NULL, NULL, '', NULL, '2019-05-18 12:17:50', '2019-05-18 12:17:50'),
(193, 75, 195, 219, 0, 0, '1.0000', '0.0000', '0.00', '0.00', NULL, '0.00', '0.00', NULL, NULL, NULL, NULL, 189, '2019-05-18 12:17:50', '2019-05-18 12:17:50'),
(194, 75, 195, 219, 0, 0, '1.0000', '0.0000', '0.00', '0.00', NULL, '0.00', '0.00', NULL, NULL, NULL, NULL, 190, '2019-05-18 12:17:51', '2019-05-18 12:17:51'),
(195, 75, 195, 219, 0, 0, '1.0000', '0.0000', '0.00', '0.00', NULL, '0.00', '0.00', NULL, NULL, NULL, NULL, 191, '2019-05-18 12:17:51', '2019-05-18 12:17:51'),
(196, 75, 195, 220, 0, 0, '1.0000', '0.0000', '0.00', '0.00', NULL, '0.00', '0.00', NULL, NULL, NULL, NULL, 192, '2019-05-18 12:17:51', '2019-05-18 12:17:51'),
(197, 76, 170, 194, 0, 0, '1.0000', '0.0000', '8.00', '8.00', 'fixed', '0.00', '8.00', '0.00', NULL, NULL, '', NULL, '2019-05-18 12:26:17', '2019-05-18 12:26:17'),
(198, 76, 195, 219, 0, 0, '1.0000', '0.0000', '0.00', '0.00', NULL, '0.00', '0.00', NULL, NULL, NULL, NULL, 197, '2019-05-18 12:26:17', '2019-05-18 12:26:17'),
(199, 77, 172, 196, 0, 0, '1.0000', '0.0000', '30.00', '30.00', 'fixed', '0.00', '30.00', '0.00', NULL, NULL, '', NULL, '2019-05-18 12:28:36', '2019-05-18 12:28:36'),
(200, 77, 195, 220, 0, 0, '1.0000', '0.0000', '0.00', '0.00', NULL, '0.00', '0.00', NULL, NULL, NULL, NULL, 199, '2019-05-18 12:28:36', '2019-05-18 12:28:36'),
(201, 78, 172, 196, 0, 0, '1.0000', '0.0000', '30.00', '30.00', 'fixed', '0.00', '30.00', '0.00', NULL, NULL, '', NULL, '2019-05-18 12:29:21', '2019-05-18 12:29:21'),
(202, 78, 195, 220, 0, 0, '1.0000', '0.0000', '0.00', '0.00', NULL, '0.00', '0.00', NULL, NULL, NULL, NULL, 201, '2019-05-18 12:29:21', '2019-05-18 12:29:21'),
(203, 79, 172, 196, 0, 0, '1.0000', '0.0000', '30.00', '30.00', 'fixed', '0.00', '30.00', '0.00', NULL, NULL, '', NULL, '2019-05-18 12:30:12', '2019-05-18 12:30:12'),
(204, 79, 195, 220, 0, 0, '1.0000', '0.0000', '0.00', '0.00', NULL, '0.00', '0.00', NULL, NULL, NULL, NULL, 203, '2019-05-18 12:30:12', '2019-05-18 12:30:12'),
(205, 80, 172, 196, 0, 0, '1.0000', '0.0000', '30.00', '30.00', 'fixed', '0.00', '30.00', '0.00', NULL, NULL, '', NULL, '2019-05-18 12:30:55', '2019-05-18 12:30:55'),
(206, 80, 195, 220, 0, 0, '1.0000', '0.0000', '0.00', '0.00', NULL, '0.00', '0.00', NULL, NULL, NULL, NULL, 205, '2019-05-18 12:30:56', '2019-05-18 12:30:56'),
(207, 81, 172, 196, 0, 0, '1.0000', '0.0000', '30.00', '30.00', 'fixed', '0.00', '30.00', '0.00', NULL, NULL, '', NULL, '2019-05-18 12:31:52', '2019-05-18 12:31:52'),
(208, 81, 195, 219, 0, 0, '1.0000', '0.0000', '0.00', '0.00', NULL, '0.00', '0.00', NULL, NULL, NULL, NULL, 207, '2019-05-18 12:31:52', '2019-05-18 12:31:52'),
(209, 82, 172, 196, 0, 0, '1.0000', '0.0000', '30.00', '30.00', 'fixed', '0.00', '30.00', '0.00', NULL, NULL, '', NULL, '2019-05-18 12:32:38', '2019-05-18 12:32:38'),
(210, 82, 195, 220, 0, 0, '1.0000', '0.0000', '0.00', '0.00', NULL, '0.00', '0.00', NULL, NULL, NULL, NULL, 209, '2019-05-18 12:32:38', '2019-05-18 12:32:38'),
(211, 83, 172, 196, 0, 0, '1.0000', '0.0000', '30.00', '30.00', 'fixed', '0.00', '30.00', '0.00', NULL, NULL, '', NULL, '2019-05-18 12:33:39', '2019-05-18 12:33:39'),
(212, 83, 195, 219, 0, 0, '1.0000', '0.0000', '0.00', '0.00', NULL, '0.00', '0.00', NULL, NULL, NULL, NULL, 211, '2019-05-18 12:33:40', '2019-05-18 12:33:40'),
(213, 84, 172, 196, 0, 0, '1.0000', '0.0000', '30.00', '30.00', 'fixed', '0.00', '30.00', '0.00', NULL, NULL, '', NULL, '2019-05-18 12:34:46', '2019-05-18 12:34:46'),
(214, 84, 195, 220, 0, 0, '1.0000', '0.0000', '0.00', '0.00', NULL, '0.00', '0.00', NULL, NULL, NULL, NULL, 213, '2019-05-18 12:34:46', '2019-05-18 12:34:46');

-- --------------------------------------------------------

--
-- Table structure for table `transaction_sell_lines_purchase_lines`
--

CREATE TABLE `transaction_sell_lines_purchase_lines` (
  `id` int(10) UNSIGNED NOT NULL,
  `sell_line_id` int(10) UNSIGNED DEFAULT NULL COMMENT 'id from transaction_sell_lines',
  `stock_adjustment_line_id` int(10) UNSIGNED DEFAULT NULL COMMENT 'id from stock_adjustment_lines',
  `purchase_line_id` int(10) UNSIGNED NOT NULL COMMENT 'id from purchase_lines',
  `quantity` decimal(20,4) NOT NULL,
  `qty_returned` decimal(20,4) NOT NULL DEFAULT '0.0000',
  `created_at` timestamp NULL DEFAULT NULL,
  `updated_at` timestamp NULL DEFAULT NULL
) ENGINE=InnoDB DEFAULT CHARSET=utf8mb4 COLLATE=utf8mb4_unicode_ci;

--
-- Dumping data for table `transaction_sell_lines_purchase_lines`
--

INSERT INTO `transaction_sell_lines_purchase_lines` (`id`, `sell_line_id`, `stock_adjustment_line_id`, `purchase_line_id`, `quantity`, `qty_returned`, `created_at`, `updated_at`) VALUES
(1, NULL, 1, 1, '1.0000', '0.0000', '2019-02-12 06:14:01', '2019-02-12 06:14:01'),
(2, 108, NULL, 1, '1.0000', '0.0000', '2019-02-27 13:09:45', '2019-02-27 13:09:45'),
(3, 110, NULL, 2, '1.0000', '0.0000', '2019-02-27 13:10:18', '2019-02-27 13:10:18'),
(4, 113, NULL, 2, '1.0000', '0.0000', '2019-02-27 13:12:20', '2019-02-27 13:12:20'),
(5, 118, NULL, 1, '1.0000', '0.0000', '2019-05-17 09:58:36', '2019-05-17 09:58:36');

-- --------------------------------------------------------

--
-- Table structure for table `transaction_sell_line_details`
--

CREATE TABLE `transaction_sell_line_details` (
  `id` int(10) UNSIGNED NOT NULL,
  `transaction_sell_line_id` int(10) UNSIGNED NOT NULL,
  `product_id` int(10) UNSIGNED NOT NULL,
  `variation_id` int(10) UNSIGNED NOT NULL,
  `quantity` int(11) NOT NULL,
  `unit_price` decimal(8,2) DEFAULT NULL COMMENT 'Sell price excluding tax',
  `unit_price_inc_tax` decimal(8,2) DEFAULT NULL COMMENT 'Sell price including tax',
  `item_tax` decimal(8,2) NOT NULL COMMENT 'Tax for one quantity',
  `tax_id` int(10) UNSIGNED DEFAULT NULL,
  `created_at` timestamp NULL DEFAULT NULL,
  `updated_at` timestamp NULL DEFAULT NULL
) ENGINE=InnoDB DEFAULT CHARSET=utf8mb4 COLLATE=utf8mb4_unicode_ci;

-- --------------------------------------------------------

--
-- Table structure for table `units`
--

CREATE TABLE `units` (
  `id` int(10) UNSIGNED NOT NULL,
  `business_id` int(10) UNSIGNED NOT NULL,
  `actual_name` varchar(191) COLLATE utf8mb4_unicode_ci NOT NULL,
  `short_name` varchar(191) COLLATE utf8mb4_unicode_ci NOT NULL,
  `allow_decimal` tinyint(1) NOT NULL,
  `created_by` int(10) UNSIGNED NOT NULL,
  `deleted_at` timestamp NULL DEFAULT NULL,
  `created_at` timestamp NULL DEFAULT NULL,
  `updated_at` timestamp NULL DEFAULT NULL
) ENGINE=InnoDB DEFAULT CHARSET=utf8mb4 COLLATE=utf8mb4_unicode_ci;

--
-- Dumping data for table `units`
--

INSERT INTO `units` (`id`, `business_id`, `actual_name`, `short_name`, `allow_decimal`, `created_by`, `deleted_at`, `created_at`, `updated_at`) VALUES
(1, 1, 'Pieces', 'Pc(s)', 0, 1, NULL, '2018-10-01 09:42:53', '2018-10-01 09:42:53');

-- --------------------------------------------------------

--
-- Table structure for table `users`
--

CREATE TABLE `users` (
  `id` int(10) UNSIGNED NOT NULL,
  `surname` char(10) COLLATE utf8mb4_unicode_ci DEFAULT NULL,
  `first_name` varchar(191) COLLATE utf8mb4_unicode_ci NOT NULL,
  `last_name` varchar(191) COLLATE utf8mb4_unicode_ci DEFAULT NULL,
  `username` varchar(191) COLLATE utf8mb4_unicode_ci NOT NULL,
  `email` varchar(191) COLLATE utf8mb4_unicode_ci DEFAULT NULL,
  `password` varchar(191) COLLATE utf8mb4_unicode_ci NOT NULL,
  `user_type` enum('cashier','supervisor','admin') COLLATE utf8mb4_unicode_ci NOT NULL DEFAULT 'cashier',
  `menu_design_id` int(10) UNSIGNED DEFAULT NULL,
  `language` char(4) COLLATE utf8mb4_unicode_ci NOT NULL DEFAULT 'en',
  `contact_no` char(15) COLLATE utf8mb4_unicode_ci DEFAULT NULL,
  `address` text COLLATE utf8mb4_unicode_ci,
  `remember_token` varchar(100) COLLATE utf8mb4_unicode_ci DEFAULT NULL,
  `business_id` int(10) UNSIGNED DEFAULT NULL,
  `is_cmmsn_agnt` tinyint(1) NOT NULL DEFAULT '0',
  `cmmsn_percent` decimal(4,2) NOT NULL DEFAULT '0.00',
  `deleted_at` timestamp NULL DEFAULT NULL,
  `created_at` timestamp NULL DEFAULT NULL,
  `updated_at` timestamp NULL DEFAULT NULL
) ENGINE=InnoDB DEFAULT CHARSET=utf8mb4 COLLATE=utf8mb4_unicode_ci;

--
-- Dumping data for table `users`
--

INSERT INTO `users` (`id`, `surname`, `first_name`, `last_name`, `username`, `email`, `password`, `user_type`, `menu_design_id`, `language`, `contact_no`, `address`, `remember_token`, `business_id`, `is_cmmsn_agnt`, `cmmsn_percent`, `deleted_at`, `created_at`, `updated_at`) VALUES
(1, NULL, 'Abdelrahman', 'Salem', 'cadmin', 'asalabdo88@gmail.com', '$2y$10$.gOHj//2KTYEzkLlhCVfaekEPEDYZUU3UOhGS9lR/VLHULmRLw5Na', 'cashier', NULL, 'ar', NULL, NULL, 'Jt5iHnMtlaV2msaeFwofdJEO2ANjZYutByfKXKowr3YKe67OWZ01088XfTpS', 1, 0, '0.00', NULL, '2018-10-01 09:42:52', '2019-05-18 00:16:09'),
(2, 'Salem', 'Abdelrahman', 'Salem', 'cashier', 'asalabdo@gmail.com', '$2y$10$TRLs6JsBkfLhpydiK/27lexjjbOyE49GNDp4FtyC5.hLvOcRVYi6i', 'cashier', NULL, 'en', NULL, NULL, 'RMvgqK0HaGz6psewMAjmrL9NUC5nh0VPFIwQuakGcDh3ErZ5MZedfpqlbi1R', 1, 0, '0.00', NULL, '2018-10-03 11:19:18', '2018-10-03 11:19:18'),
(3, NULL, 'maher', 'L-saafeen', 'maher', 'email@123', '$2y$10$pcbwetSLvqEkHf8blO7akekmJkBWbxiiCOztVUNBcOo0EYQ/0EBGS', 'cashier', NULL, 'en', NULL, NULL, 'bNuWGokHJEqNaTXxXZSvD5OA2sVj20TPbSjTPAsvd84Udrfo1meDr1eiYogt', 1, 0, '0.00', NULL, '2018-10-03 11:51:48', '2018-10-03 11:51:48'),
(4, 'Mr', 'Abdelrahman', 'Salem', '5c5ffcd594d85', 'asalabdo88@gmail.com', 'DUMMY', 'cashier', NULL, 'en', '534001688', '5031 King Fahd Street\r\nfront Riyadh gallery gate 3', NULL, 1, 1, '90.00', NULL, '2019-02-10 10:28:37', '2019-02-10 10:28:37'),
(5, NULL, 'Supervisor', 'Salem', 'supervisor', 'asalabdo88@gmail.com', '$2y$10$JX4LIde8N1nfjHDJhClfHewVBrYh49w7fEU5W/ozhpVtTGaGL23L.', 'cashier', NULL, 'en', NULL, NULL, NULL, 1, 0, '0.00', NULL, '2019-02-13 06:49:48', '2019-02-13 06:49:48');

-- --------------------------------------------------------

--
-- Table structure for table `variations`
--

CREATE TABLE `variations` (
  `id` int(10) UNSIGNED NOT NULL,
  `name` varchar(191) COLLATE utf8mb4_unicode_ci NOT NULL,
  `variation_product_id` text COLLATE utf8mb4_unicode_ci,
  `product_id` int(10) UNSIGNED NOT NULL,
  `sub_sku` varchar(191) COLLATE utf8mb4_unicode_ci DEFAULT NULL,
  `product_variation_id` int(10) UNSIGNED NOT NULL,
  `default_purchase_price` decimal(20,2) DEFAULT NULL,
  `dpp_inc_tax` decimal(20,2) NOT NULL DEFAULT '0.00',
  `profit_percent` decimal(20,2) NOT NULL DEFAULT '0.00',
  `default_sell_price` decimal(20,2) DEFAULT NULL,
  `sell_price_inc_tax` decimal(20,2) DEFAULT NULL,
  `is_default` enum('yes','no') COLLATE utf8mb4_unicode_ci NOT NULL DEFAULT 'no',
  `created_at` timestamp NULL DEFAULT NULL,
  `updated_at` timestamp NULL DEFAULT NULL,
  `deleted_at` timestamp NULL DEFAULT NULL
) ENGINE=InnoDB DEFAULT CHARSET=utf8mb4 COLLATE=utf8mb4_unicode_ci;

--
-- Dumping data for table `variations`
--

INSERT INTO `variations` (`id`, `name`, `variation_product_id`, `product_id`, `sub_sku`, `product_variation_id`, `default_purchase_price`, `dpp_inc_tax`, `profit_percent`, `default_sell_price`, `sell_price_inc_tax`, `is_default`, `created_at`, `updated_at`, `deleted_at`) VALUES
(190, 'DUMMY', NULL, 166, '0166', 166, '10.00', '10.00', '0.00', '10.00', '10.00', 'no', '2019-05-17 15:07:23', '2019-05-17 15:07:23', NULL),
(191, 'DUMMY', NULL, 167, '0167', 167, '10.00', '10.00', '0.00', '10.00', '10.00', 'no', '2019-05-17 15:11:40', '2019-05-17 15:11:40', NULL),
(192, 'DUMMY', NULL, 168, '0168', 168, '6.00', '6.00', '0.00', '6.00', '6.00', 'no', '2019-05-17 15:11:56', '2019-05-17 15:12:48', NULL),
(193, 'DUMMY', NULL, 169, '0169', 169, '7.00', '7.00', '0.00', '7.00', '7.00', 'no', '2019-05-17 15:12:14', '2019-05-17 15:12:14', NULL),
(194, 'DUMMY', NULL, 170, '0170', 170, '8.00', '8.00', '0.00', '8.00', '8.00', 'no', '2019-05-17 15:12:32', '2019-05-17 15:12:32', NULL),
(195, 'DUMMY', NULL, 171, '0171', 171, '8.00', '8.00', '0.00', '8.00', '8.00', 'no', '2019-05-17 15:13:20', '2019-05-17 15:13:20', NULL),
(196, 'DUMMY', NULL, 172, '0172', 172, '30.00', '30.00', '0.00', '30.00', '30.00', 'no', '2019-05-17 15:13:37', '2019-05-17 15:13:37', NULL),
(197, 'DUMMY', NULL, 173, '0173', 173, '10.00', '10.00', '0.00', '10.00', '10.00', 'no', '2019-05-17 15:13:58', '2019-05-17 15:13:58', NULL),
(198, 'DUMMY', NULL, 174, '0174', 174, '10.00', '10.00', '0.00', '10.00', '10.00', 'no', '2019-05-17 15:14:17', '2019-05-17 15:18:55', NULL),
(199, 'DUMMY', NULL, 175, '0175', 175, '10.00', '10.00', '0.00', '10.00', '10.00', 'no', '2019-05-17 15:14:38', '2019-05-17 15:14:38', NULL),
(200, 'DUMMY', NULL, 176, '0176', 176, '6.00', '6.00', '0.00', '6.00', '6.00', 'no', '2019-05-17 15:14:55', '2019-05-17 15:18:11', NULL),
(201, 'DUMMY', NULL, 177, '0177', 177, '6.00', '6.00', '0.00', '6.00', '6.00', 'no', '2019-05-17 15:15:10', '2019-05-17 15:15:10', NULL),
(202, 'DUMMY', NULL, 178, '0178', 178, '2.00', '2.00', '0.00', '2.00', '2.00', 'no', '2019-05-17 15:15:39', '2019-05-17 15:15:39', NULL),
(203, 'DUMMY', NULL, 179, '0179', 179, '2.00', '2.00', '0.00', '2.00', '2.00', 'no', '2019-05-17 15:15:57', '2019-05-17 15:15:57', NULL),
(204, 'DUMMY', NULL, 180, '0180', 180, '2.00', '2.00', '0.00', '2.00', '2.00', 'no', '2019-05-17 15:16:08', '2019-05-17 15:16:08', NULL),
(205, 'DUMMY', NULL, 181, '0181', 181, '2.00', '2.00', '0.00', '2.00', '2.00', 'no', '2019-05-17 15:16:19', '2019-05-17 15:16:19', NULL),
(206, 'DUMMY', NULL, 182, '0182', 182, '8.00', '8.00', '0.00', '8.00', '8.00', 'no', '2019-05-17 15:16:42', '2019-05-17 15:19:49', NULL),
(207, 'DUMMY', NULL, 183, '0183', 183, '8.00', '8.00', '0.00', '8.00', '8.00', 'no', '2019-05-17 15:17:01', '2019-05-17 15:17:01', NULL),
(208, 'DUMMY', NULL, 184, '0184', 184, '5.00', '5.00', '0.00', '5.00', '5.00', 'no', '2019-05-17 15:20:08', '2019-05-17 15:20:08', NULL),
(209, 'DUMMY', NULL, 185, '0185', 185, '5.00', '5.00', '0.00', '5.00', '5.00', 'no', '2019-05-17 15:20:22', '2019-05-17 15:20:22', NULL),
(210, 'DUMMY', NULL, 186, '0186', 186, '6.00', '6.00', '0.00', '6.00', '6.00', 'no', '2019-05-17 15:20:35', '2019-05-17 15:20:35', NULL),
(214, 'DUMMY', NULL, 190, '0190', 190, '6.00', '6.00', '0.00', '6.00', '6.00', 'no', '2019-05-17 15:25:54', '2019-05-17 15:25:54', NULL),
(215, 'DUMMY', NULL, 191, '0191', 191, '2.00', '2.00', '0.00', '2.00', '2.00', 'no', '2019-05-17 15:26:07', '2019-05-17 15:26:07', NULL),
(216, 'DUMMY', NULL, 192, '0192', 192, '3.00', '3.00', '0.00', '3.00', '3.00', 'no', '2019-05-17 15:26:18', '2019-05-17 15:26:18', NULL),
(217, 'DUMMY', NULL, 193, '0193', 193, '3.00', '3.00', '0.00', '3.00', '3.00', 'no', '2019-05-17 15:26:31', '2019-05-17 15:26:31', NULL),
(218, 'DUMMY', NULL, 194, '0194', 194, '3.00', '3.00', '0.00', '3.00', '3.00', 'no', '2019-05-17 15:26:45', '2019-05-17 15:26:45', NULL),
(219, 'بر', '50', 195, '0195-1', 195, '0.00', '0.00', '0.00', '0.00', '0.00', 'no', '2019-05-17 19:22:15', '2019-05-17 19:22:15', NULL),
(220, 'عادي', '50', 195, '0195-2', 195, '0.00', '0.00', '0.00', '0.00', '0.00', 'no', '2019-05-17 19:22:15', '2019-05-17 19:22:15', NULL),
(221, 'عادي', NULL, 196, '0196-1', 196, '5.00', '5.00', '0.00', '5.00', '5.00', 'no', '2019-05-17 20:57:03', '2019-05-17 21:01:07', NULL),
(222, 'اكسترا', NULL, 196, '0196-2', 197, '8.00', '8.00', '0.00', '8.00', '8.00', 'no', '2019-05-17 20:57:04', '2019-05-17 21:01:07', NULL),
(223, 'عادي', NULL, 197, '0197-1', 198, '10.00', '10.00', '0.00', '10.00', '10.00', 'no', '2019-05-17 20:58:39', '2019-05-17 20:58:39', NULL),
(224, 'اكسترا', NULL, 197, '0197-2', 199, '13.00', '13.00', '0.00', '13.00', '13.00', 'no', '2019-05-17 20:58:39', '2019-05-17 20:58:39', NULL),
(225, 'عادي', NULL, 198, '0198-1', 200, '10.00', '10.00', '0.00', '10.00', '10.00', 'no', '2019-05-17 20:59:34', '2019-05-17 21:03:31', NULL),
(226, 'اكسترا', NULL, 198, '0198-2', 201, '13.00', '13.00', '0.00', '13.00', '13.00', 'no', '2019-05-17 20:59:34', '2019-05-17 21:03:31', NULL);

-- --------------------------------------------------------

--
-- Table structure for table `variation_group_prices`
--

CREATE TABLE `variation_group_prices` (
  `id` int(10) UNSIGNED NOT NULL,
  `variation_id` int(10) UNSIGNED NOT NULL,
  `price_group_id` int(10) UNSIGNED NOT NULL,
  `price_inc_tax` decimal(20,2) NOT NULL,
  `created_at` timestamp NULL DEFAULT NULL,
  `updated_at` timestamp NULL DEFAULT NULL
) ENGINE=InnoDB DEFAULT CHARSET=utf8mb4 COLLATE=utf8mb4_unicode_ci;

-- --------------------------------------------------------

--
-- Table structure for table `variation_location_details`
--

CREATE TABLE `variation_location_details` (
  `id` int(10) UNSIGNED NOT NULL,
  `product_id` int(10) UNSIGNED NOT NULL,
  `product_variation_id` int(10) UNSIGNED NOT NULL COMMENT 'id from product_variations table',
  `variation_id` int(10) UNSIGNED NOT NULL,
  `location_id` int(10) UNSIGNED NOT NULL,
  `qty_available` decimal(20,4) NOT NULL,
  `created_at` timestamp NULL DEFAULT NULL,
  `updated_at` timestamp NULL DEFAULT NULL
) ENGINE=InnoDB DEFAULT CHARSET=utf8mb4 COLLATE=utf8mb4_unicode_ci;

-- --------------------------------------------------------

--
-- Table structure for table `variation_templates`
--

CREATE TABLE `variation_templates` (
  `id` int(10) UNSIGNED NOT NULL,
  `name` varchar(191) COLLATE utf8mb4_unicode_ci NOT NULL,
  `business_id` int(10) UNSIGNED NOT NULL,
  `created_at` timestamp NULL DEFAULT NULL,
  `updated_at` timestamp NULL DEFAULT NULL
) ENGINE=InnoDB DEFAULT CHARSET=utf8mb4 COLLATE=utf8mb4_unicode_ci;

--
-- Dumping data for table `variation_templates`
--

INSERT INTO `variation_templates` (`id`, `name`, `business_id`, `created_at`, `updated_at`) VALUES
(1, 'Fries', 1, '2018-10-07 09:46:21', '2018-10-07 09:46:21'),
(2, 'Drink', 1, '2018-10-07 09:48:21', '2018-10-07 09:48:21');

-- --------------------------------------------------------

--
-- Table structure for table `variation_value_templates`
--

CREATE TABLE `variation_value_templates` (
  `id` int(10) UNSIGNED NOT NULL,
  `name` varchar(191) COLLATE utf8mb4_unicode_ci NOT NULL,
  `variation_template_id` int(10) UNSIGNED NOT NULL,
  `created_at` timestamp NULL DEFAULT NULL,
  `updated_at` timestamp NULL DEFAULT NULL
) ENGINE=InnoDB DEFAULT CHARSET=utf8mb4 COLLATE=utf8mb4_unicode_ci;

--
-- Dumping data for table `variation_value_templates`
--

INSERT INTO `variation_value_templates` (`id`, `name`, `variation_template_id`, `created_at`, `updated_at`) VALUES
(4, 'Normal', 1, '2018-10-07 09:46:33', '2018-10-07 09:46:33'),
(5, 'Chips', 1, '2018-10-07 09:46:33', '2018-10-07 09:46:33'),
(6, 'Pepsi', 2, '2018-10-07 09:48:22', '2018-10-07 09:48:22'),
(7, 'Miranda', 2, '2018-10-07 09:48:22', '2018-10-07 09:48:22'),
(8, '7 UP', 2, '2018-10-07 09:48:22', '2018-10-07 09:48:22');

--
-- Indexes for dumped tables
--

--
-- Indexes for table `barcodes`
--
ALTER TABLE `barcodes`
  ADD PRIMARY KEY (`id`),
  ADD KEY `barcodes_business_id_foreign` (`business_id`);

--
-- Indexes for table `bookings`
--
ALTER TABLE `bookings`
  ADD PRIMARY KEY (`id`),
  ADD KEY `bookings_contact_id_foreign` (`contact_id`),
  ADD KEY `bookings_business_id_foreign` (`business_id`),
  ADD KEY `bookings_created_by_foreign` (`created_by`);

--
-- Indexes for table `brands`
--
ALTER TABLE `brands`
  ADD PRIMARY KEY (`id`),
  ADD KEY `brands_business_id_foreign` (`business_id`),
  ADD KEY `brands_created_by_foreign` (`created_by`);

--
-- Indexes for table `business`
--
ALTER TABLE `business`
  ADD PRIMARY KEY (`id`),
  ADD KEY `business_owner_id_foreign` (`owner_id`),
  ADD KEY `business_currency_id_foreign` (`currency_id`),
  ADD KEY `business_default_sales_tax_foreign` (`default_sales_tax`);

--
-- Indexes for table `business_locations`
--
ALTER TABLE `business_locations`
  ADD PRIMARY KEY (`id`),
  ADD KEY `business_locations_business_id_index` (`business_id`),
  ADD KEY `business_locations_invoice_scheme_id_foreign` (`invoice_scheme_id`),
  ADD KEY `business_locations_invoice_layout_id_foreign` (`invoice_layout_id`);

--
-- Indexes for table `cash_registers`
--
ALTER TABLE `cash_registers`
  ADD PRIMARY KEY (`id`),
  ADD KEY `cash_registers_business_id_foreign` (`business_id`),
  ADD KEY `cash_registers_user_id_foreign` (`user_id`);

--
-- Indexes for table `cash_register_transactions`
--
ALTER TABLE `cash_register_transactions`
  ADD PRIMARY KEY (`id`),
  ADD KEY `cash_register_transactions_cash_register_id_foreign` (`cash_register_id`);

--
-- Indexes for table `categories`
--
ALTER TABLE `categories`
  ADD PRIMARY KEY (`id`),
  ADD KEY `categories_business_id_foreign` (`business_id`),
  ADD KEY `categories_created_by_foreign` (`created_by`);

--
-- Indexes for table `contacts`
--
ALTER TABLE `contacts`
  ADD PRIMARY KEY (`id`),
  ADD KEY `contacts_business_id_foreign` (`business_id`),
  ADD KEY `contacts_created_by_foreign` (`created_by`);

--
-- Indexes for table `currencies`
--
ALTER TABLE `currencies`
  ADD PRIMARY KEY (`id`);

--
-- Indexes for table `customer_groups`
--
ALTER TABLE `customer_groups`
  ADD PRIMARY KEY (`id`),
  ADD KEY `customer_groups_business_id_foreign` (`business_id`);

--
-- Indexes for table `expense_categories`
--
ALTER TABLE `expense_categories`
  ADD PRIMARY KEY (`id`),
  ADD KEY `expense_categories_business_id_foreign` (`business_id`);

--
-- Indexes for table `group_sub_taxes`
--
ALTER TABLE `group_sub_taxes`
  ADD KEY `group_sub_taxes_group_tax_id_foreign` (`group_tax_id`),
  ADD KEY `group_sub_taxes_tax_id_foreign` (`tax_id`);

--
-- Indexes for table `invoice_layouts`
--
ALTER TABLE `invoice_layouts`
  ADD PRIMARY KEY (`id`),
  ADD KEY `invoice_layouts_business_id_foreign` (`business_id`);

--
-- Indexes for table `invoice_schemes`
--
ALTER TABLE `invoice_schemes`
  ADD PRIMARY KEY (`id`),
  ADD KEY `invoice_schemes_business_id_foreign` (`business_id`);

--
-- Indexes for table `menu_designs`
--
ALTER TABLE `menu_designs`
  ADD PRIMARY KEY (`id`);

--
-- Indexes for table `menu_design_details`
--
ALTER TABLE `menu_design_details`
  ADD PRIMARY KEY (`id`),
  ADD KEY `menu_design_details_menu_design_id_foreign` (`menu_design_id`),
  ADD KEY `menu_design_details_product_id_foreign` (`product_id`),
  ADD KEY `menu_design_details_category_id_foreign` (`category_id`);

--
-- Indexes for table `migrations`
--
ALTER TABLE `migrations`
  ADD PRIMARY KEY (`id`);

--
-- Indexes for table `model_has_permissions`
--
ALTER TABLE `model_has_permissions`
  ADD PRIMARY KEY (`permission_id`,`model_id`,`model_type`),
  ADD KEY `model_has_permissions_model_id_model_type_index` (`model_id`,`model_type`);

--
-- Indexes for table `model_has_roles`
--
ALTER TABLE `model_has_roles`
  ADD PRIMARY KEY (`role_id`,`model_id`,`model_type`),
  ADD KEY `model_has_roles_model_id_model_type_index` (`model_id`,`model_type`);

--
-- Indexes for table `modifiers`
--
ALTER TABLE `modifiers`
  ADD PRIMARY KEY (`id`),
  ADD KEY `modifiers_product_id_foreign` (`product_id`);

--
-- Indexes for table `notification_templates`
--
ALTER TABLE `notification_templates`
  ADD PRIMARY KEY (`id`);

--
-- Indexes for table `oauth_access_tokens`
--
ALTER TABLE `oauth_access_tokens`
  ADD PRIMARY KEY (`id`),
  ADD KEY `oauth_access_tokens_user_id_index` (`user_id`);

--
-- Indexes for table `oauth_auth_codes`
--
ALTER TABLE `oauth_auth_codes`
  ADD PRIMARY KEY (`id`);

--
-- Indexes for table `oauth_clients`
--
ALTER TABLE `oauth_clients`
  ADD PRIMARY KEY (`id`),
  ADD KEY `oauth_clients_user_id_index` (`user_id`);

--
-- Indexes for table `oauth_personal_access_clients`
--
ALTER TABLE `oauth_personal_access_clients`
  ADD PRIMARY KEY (`id`),
  ADD KEY `oauth_personal_access_clients_client_id_index` (`client_id`);

--
-- Indexes for table `oauth_refresh_tokens`
--
ALTER TABLE `oauth_refresh_tokens`
  ADD PRIMARY KEY (`id`),
  ADD KEY `oauth_refresh_tokens_access_token_id_index` (`access_token_id`);

--
-- Indexes for table `password_resets`
--
ALTER TABLE `password_resets`
  ADD KEY `password_resets_email_index` (`email`);

--
-- Indexes for table `payment_accounts`
--
ALTER TABLE `payment_accounts`
  ADD PRIMARY KEY (`id`);

--
-- Indexes for table `permissions`
--
ALTER TABLE `permissions`
  ADD PRIMARY KEY (`id`);

--
-- Indexes for table `pos_devices`
--
ALTER TABLE `pos_devices`
  ADD PRIMARY KEY (`id`);

--
-- Indexes for table `printers`
--
ALTER TABLE `printers`
  ADD PRIMARY KEY (`id`),
  ADD KEY `printers_business_id_foreign` (`business_id`);

--
-- Indexes for table `products`
--
ALTER TABLE `products`
  ADD PRIMARY KEY (`id`),
  ADD KEY `products_brand_id_foreign` (`brand_id`),
  ADD KEY `products_category_id_foreign` (`category_id`),
  ADD KEY `products_sub_category_id_foreign` (`sub_category_id`),
  ADD KEY `products_tax_foreign` (`tax`),
  ADD KEY `products_name_index` (`name`),
  ADD KEY `products_business_id_index` (`business_id`),
  ADD KEY `products_unit_id_index` (`unit_id`),
  ADD KEY `products_created_by_index` (`created_by`);

--
-- Indexes for table `product_racks`
--
ALTER TABLE `product_racks`
  ADD PRIMARY KEY (`id`);

--
-- Indexes for table `product_variations`
--
ALTER TABLE `product_variations`
  ADD PRIMARY KEY (`id`),
  ADD KEY `product_variations_name_index` (`name`),
  ADD KEY `product_variations_product_id_index` (`product_id`);

--
-- Indexes for table `purchase_lines`
--
ALTER TABLE `purchase_lines`
  ADD PRIMARY KEY (`id`),
  ADD KEY `purchase_lines_transaction_id_foreign` (`transaction_id`),
  ADD KEY `purchase_lines_product_id_foreign` (`product_id`),
  ADD KEY `purchase_lines_variation_id_foreign` (`variation_id`),
  ADD KEY `purchase_lines_tax_id_foreign` (`tax_id`);

--
-- Indexes for table `reference_counts`
--
ALTER TABLE `reference_counts`
  ADD PRIMARY KEY (`id`);

--
-- Indexes for table `res_product_modifier_sets`
--
ALTER TABLE `res_product_modifier_sets`
  ADD KEY `res_product_modifier_sets_modifier_set_id_foreign` (`modifier_set_id`);

--
-- Indexes for table `res_tables`
--
ALTER TABLE `res_tables`
  ADD PRIMARY KEY (`id`),
  ADD KEY `res_tables_business_id_foreign` (`business_id`);

--
-- Indexes for table `roles`
--
ALTER TABLE `roles`
  ADD PRIMARY KEY (`id`),
  ADD KEY `roles_business_id_foreign` (`business_id`);

--
-- Indexes for table `role_has_permissions`
--
ALTER TABLE `role_has_permissions`
  ADD PRIMARY KEY (`permission_id`,`role_id`),
  ADD KEY `role_has_permissions_role_id_foreign` (`role_id`);

--
-- Indexes for table `selling_price_groups`
--
ALTER TABLE `selling_price_groups`
  ADD PRIMARY KEY (`id`),
  ADD KEY `selling_price_groups_business_id_foreign` (`business_id`);

--
-- Indexes for table `sessions`
--
ALTER TABLE `sessions`
  ADD UNIQUE KEY `sessions_id_unique` (`id`);

--
-- Indexes for table `stock_adjustment_lines`
--
ALTER TABLE `stock_adjustment_lines`
  ADD PRIMARY KEY (`id`),
  ADD KEY `stock_adjustment_lines_product_id_foreign` (`product_id`),
  ADD KEY `stock_adjustment_lines_variation_id_foreign` (`variation_id`),
  ADD KEY `stock_adjustment_lines_transaction_id_index` (`transaction_id`);

--
-- Indexes for table `sync_logs`
--
ALTER TABLE `sync_logs`
  ADD PRIMARY KEY (`id`);

--
-- Indexes for table `tax_rates`
--
ALTER TABLE `tax_rates`
  ADD PRIMARY KEY (`id`),
  ADD KEY `tax_rates_business_id_foreign` (`business_id`),
  ADD KEY `tax_rates_created_by_foreign` (`created_by`);

--
-- Indexes for table `transactions`
--
ALTER TABLE `transactions`
  ADD PRIMARY KEY (`id`),
  ADD KEY `transactions_tax_id_foreign` (`tax_id`),
  ADD KEY `transactions_business_id_index` (`business_id`),
  ADD KEY `transactions_type_index` (`type`),
  ADD KEY `transactions_contact_id_index` (`contact_id`),
  ADD KEY `transactions_transaction_date_index` (`transaction_date`),
  ADD KEY `transactions_created_by_index` (`created_by`),
  ADD KEY `transactions_location_id_index` (`location_id`),
  ADD KEY `transactions_expense_for_foreign` (`expense_for`),
  ADD KEY `transactions_expense_category_id_index` (`expense_category_id`);

--
-- Indexes for table `transaction_payments`
--
ALTER TABLE `transaction_payments`
  ADD PRIMARY KEY (`id`),
  ADD KEY `transaction_payments_transaction_id_foreign` (`transaction_id`),
  ADD KEY `transaction_payments_created_by_index` (`created_by`);

--
-- Indexes for table `transaction_sell_lines`
--
ALTER TABLE `transaction_sell_lines`
  ADD PRIMARY KEY (`id`),
  ADD KEY `transaction_sell_lines_transaction_id_foreign` (`transaction_id`),
  ADD KEY `transaction_sell_lines_product_id_foreign` (`product_id`),
  ADD KEY `transaction_sell_lines_variation_id_foreign` (`variation_id`),
  ADD KEY `transaction_sell_lines_tax_id_foreign` (`tax_id`);

--
-- Indexes for table `transaction_sell_lines_purchase_lines`
--
ALTER TABLE `transaction_sell_lines_purchase_lines`
  ADD PRIMARY KEY (`id`);

--
-- Indexes for table `transaction_sell_line_details`
--
ALTER TABLE `transaction_sell_line_details`
  ADD PRIMARY KEY (`id`),
  ADD KEY `transaction_sell_line_details_transaction_sell_line_id_foreign` (`transaction_sell_line_id`),
  ADD KEY `transaction_sell_line_details_product_id_foreign` (`product_id`),
  ADD KEY `transaction_sell_line_details_variation_id_foreign` (`variation_id`),
  ADD KEY `transaction_sell_line_details_tax_id_foreign` (`tax_id`);

--
-- Indexes for table `units`
--
ALTER TABLE `units`
  ADD PRIMARY KEY (`id`),
  ADD KEY `units_business_id_foreign` (`business_id`),
  ADD KEY `units_created_by_foreign` (`created_by`);

--
-- Indexes for table `users`
--
ALTER TABLE `users`
  ADD PRIMARY KEY (`id`),
  ADD UNIQUE KEY `users_username_unique` (`username`),
  ADD KEY `users_business_id_foreign` (`business_id`),
  ADD KEY `users_menu_design_id_foreign` (`menu_design_id`);

--
-- Indexes for table `variations`
--
ALTER TABLE `variations`
  ADD PRIMARY KEY (`id`),
  ADD KEY `variations_product_id_foreign` (`product_id`),
  ADD KEY `variations_product_variation_id_foreign` (`product_variation_id`),
  ADD KEY `variations_name_index` (`name`),
  ADD KEY `variations_sub_sku_index` (`sub_sku`);

--
-- Indexes for table `variation_group_prices`
--
ALTER TABLE `variation_group_prices`
  ADD PRIMARY KEY (`id`),
  ADD KEY `variation_group_prices_variation_id_foreign` (`variation_id`),
  ADD KEY `variation_group_prices_price_group_id_foreign` (`price_group_id`);

--
-- Indexes for table `variation_location_details`
--
ALTER TABLE `variation_location_details`
  ADD PRIMARY KEY (`id`),
  ADD KEY `variation_location_details_location_id_foreign` (`location_id`),
  ADD KEY `variation_location_details_product_id_index` (`product_id`),
  ADD KEY `variation_location_details_product_variation_id_index` (`product_variation_id`),
  ADD KEY `variation_location_details_variation_id_index` (`variation_id`);

--
-- Indexes for table `variation_templates`
--
ALTER TABLE `variation_templates`
  ADD PRIMARY KEY (`id`),
  ADD KEY `variation_templates_business_id_foreign` (`business_id`);

--
-- Indexes for table `variation_value_templates`
--
ALTER TABLE `variation_value_templates`
  ADD PRIMARY KEY (`id`),
  ADD KEY `variation_value_templates_name_index` (`name`),
  ADD KEY `variation_value_templates_variation_template_id_index` (`variation_template_id`);

--
-- AUTO_INCREMENT for dumped tables
--

--
-- AUTO_INCREMENT for table `barcodes`
--
ALTER TABLE `barcodes`
  MODIFY `id` int(10) UNSIGNED NOT NULL AUTO_INCREMENT, AUTO_INCREMENT=7;
--
-- AUTO_INCREMENT for table `bookings`
--
ALTER TABLE `bookings`
  MODIFY `id` int(10) UNSIGNED NOT NULL AUTO_INCREMENT;
--
-- AUTO_INCREMENT for table `brands`
--
ALTER TABLE `brands`
  MODIFY `id` int(10) UNSIGNED NOT NULL AUTO_INCREMENT, AUTO_INCREMENT=2;
--
-- AUTO_INCREMENT for table `business`
--
ALTER TABLE `business`
  MODIFY `id` int(10) UNSIGNED NOT NULL AUTO_INCREMENT, AUTO_INCREMENT=2;
--
-- AUTO_INCREMENT for table `business_locations`
--
ALTER TABLE `business_locations`
  MODIFY `id` int(10) UNSIGNED NOT NULL AUTO_INCREMENT, AUTO_INCREMENT=2;
--
-- AUTO_INCREMENT for table `cash_registers`
--
ALTER TABLE `cash_registers`
  MODIFY `id` int(10) UNSIGNED NOT NULL AUTO_INCREMENT, AUTO_INCREMENT=12;
--
-- AUTO_INCREMENT for table `cash_register_transactions`
--
ALTER TABLE `cash_register_transactions`
  MODIFY `id` int(10) UNSIGNED NOT NULL AUTO_INCREMENT, AUTO_INCREMENT=174;
--
-- AUTO_INCREMENT for table `categories`
--
ALTER TABLE `categories`
  MODIFY `id` int(10) UNSIGNED NOT NULL AUTO_INCREMENT, AUTO_INCREMENT=12;
--
-- AUTO_INCREMENT for table `contacts`
--
ALTER TABLE `contacts`
  MODIFY `id` int(10) UNSIGNED NOT NULL AUTO_INCREMENT, AUTO_INCREMENT=2;
--
-- AUTO_INCREMENT for table `currencies`
--
ALTER TABLE `currencies`
  MODIFY `id` int(10) UNSIGNED NOT NULL AUTO_INCREMENT, AUTO_INCREMENT=137;
--
-- AUTO_INCREMENT for table `customer_groups`
--
ALTER TABLE `customer_groups`
  MODIFY `id` int(10) UNSIGNED NOT NULL AUTO_INCREMENT;
--
-- AUTO_INCREMENT for table `expense_categories`
--
ALTER TABLE `expense_categories`
  MODIFY `id` int(10) UNSIGNED NOT NULL AUTO_INCREMENT;
--
-- AUTO_INCREMENT for table `invoice_layouts`
--
ALTER TABLE `invoice_layouts`
  MODIFY `id` int(10) UNSIGNED NOT NULL AUTO_INCREMENT, AUTO_INCREMENT=2;
--
-- AUTO_INCREMENT for table `invoice_schemes`
--
ALTER TABLE `invoice_schemes`
  MODIFY `id` int(10) UNSIGNED NOT NULL AUTO_INCREMENT, AUTO_INCREMENT=2;
--
-- AUTO_INCREMENT for table `menu_designs`
--
ALTER TABLE `menu_designs`
  MODIFY `id` int(10) UNSIGNED NOT NULL AUTO_INCREMENT, AUTO_INCREMENT=2;
--
-- AUTO_INCREMENT for table `menu_design_details`
--
ALTER TABLE `menu_design_details`
  MODIFY `id` int(10) UNSIGNED NOT NULL AUTO_INCREMENT, AUTO_INCREMENT=14;
--
-- AUTO_INCREMENT for table `migrations`
--
ALTER TABLE `migrations`
  MODIFY `id` int(10) UNSIGNED NOT NULL AUTO_INCREMENT, AUTO_INCREMENT=158;
--
-- AUTO_INCREMENT for table `modifiers`
--
ALTER TABLE `modifiers`
  MODIFY `id` int(10) UNSIGNED NOT NULL AUTO_INCREMENT, AUTO_INCREMENT=51;
--
-- AUTO_INCREMENT for table `notification_templates`
--
ALTER TABLE `notification_templates`
  MODIFY `id` int(10) UNSIGNED NOT NULL AUTO_INCREMENT, AUTO_INCREMENT=9;
--
-- AUTO_INCREMENT for table `oauth_clients`
--
ALTER TABLE `oauth_clients`
  MODIFY `id` int(10) UNSIGNED NOT NULL AUTO_INCREMENT;
--
-- AUTO_INCREMENT for table `oauth_personal_access_clients`
--
ALTER TABLE `oauth_personal_access_clients`
  MODIFY `id` int(10) UNSIGNED NOT NULL AUTO_INCREMENT;
--
-- AUTO_INCREMENT for table `payment_accounts`
--
ALTER TABLE `payment_accounts`
  MODIFY `id` int(10) UNSIGNED NOT NULL AUTO_INCREMENT;
--
-- AUTO_INCREMENT for table `permissions`
--
ALTER TABLE `permissions`
  MODIFY `id` int(10) UNSIGNED NOT NULL AUTO_INCREMENT, AUTO_INCREMENT=63;
--
-- AUTO_INCREMENT for table `pos_devices`
--
ALTER TABLE `pos_devices`
  MODIFY `id` int(10) UNSIGNED NOT NULL AUTO_INCREMENT, AUTO_INCREMENT=2;
--
-- AUTO_INCREMENT for table `printers`
--
ALTER TABLE `printers`
  MODIFY `id` int(10) UNSIGNED NOT NULL AUTO_INCREMENT;
--
-- AUTO_INCREMENT for table `products`
--
ALTER TABLE `products`
  MODIFY `id` int(10) UNSIGNED NOT NULL AUTO_INCREMENT, AUTO_INCREMENT=199;
--
-- AUTO_INCREMENT for table `product_racks`
--
ALTER TABLE `product_racks`
  MODIFY `id` int(10) UNSIGNED NOT NULL AUTO_INCREMENT, AUTO_INCREMENT=7;
--
-- AUTO_INCREMENT for table `product_variations`
--
ALTER TABLE `product_variations`
  MODIFY `id` int(10) UNSIGNED NOT NULL AUTO_INCREMENT, AUTO_INCREMENT=202;
--
-- AUTO_INCREMENT for table `purchase_lines`
--
ALTER TABLE `purchase_lines`
  MODIFY `id` int(10) UNSIGNED NOT NULL AUTO_INCREMENT;
--
-- AUTO_INCREMENT for table `reference_counts`
--
ALTER TABLE `reference_counts`
  MODIFY `id` int(10) UNSIGNED NOT NULL AUTO_INCREMENT, AUTO_INCREMENT=5;
--
-- AUTO_INCREMENT for table `res_tables`
--
ALTER TABLE `res_tables`
  MODIFY `id` int(10) UNSIGNED NOT NULL AUTO_INCREMENT, AUTO_INCREMENT=6;
--
-- AUTO_INCREMENT for table `roles`
--
ALTER TABLE `roles`
  MODIFY `id` int(10) UNSIGNED NOT NULL AUTO_INCREMENT, AUTO_INCREMENT=4;
--
-- AUTO_INCREMENT for table `selling_price_groups`
--
ALTER TABLE `selling_price_groups`
  MODIFY `id` int(10) UNSIGNED NOT NULL AUTO_INCREMENT;
--
-- AUTO_INCREMENT for table `stock_adjustment_lines`
--
ALTER TABLE `stock_adjustment_lines`
  MODIFY `id` int(10) UNSIGNED NOT NULL AUTO_INCREMENT;
--
-- AUTO_INCREMENT for table `sync_logs`
--
ALTER TABLE `sync_logs`
  MODIFY `id` int(10) UNSIGNED NOT NULL AUTO_INCREMENT;
--
-- AUTO_INCREMENT for table `tax_rates`
--
ALTER TABLE `tax_rates`
  MODIFY `id` int(10) UNSIGNED NOT NULL AUTO_INCREMENT;
--
-- AUTO_INCREMENT for table `transactions`
--
ALTER TABLE `transactions`
  MODIFY `id` int(10) UNSIGNED NOT NULL AUTO_INCREMENT, AUTO_INCREMENT=85;
--
-- AUTO_INCREMENT for table `transaction_payments`
--
ALTER TABLE `transaction_payments`
  MODIFY `id` int(10) UNSIGNED NOT NULL AUTO_INCREMENT, AUTO_INCREMENT=85;
--
-- AUTO_INCREMENT for table `transaction_sell_lines`
--
ALTER TABLE `transaction_sell_lines`
  MODIFY `id` int(10) UNSIGNED NOT NULL AUTO_INCREMENT, AUTO_INCREMENT=215;
--
-- AUTO_INCREMENT for table `transaction_sell_lines_purchase_lines`
--
ALTER TABLE `transaction_sell_lines_purchase_lines`
  MODIFY `id` int(10) UNSIGNED NOT NULL AUTO_INCREMENT, AUTO_INCREMENT=6;
--
-- AUTO_INCREMENT for table `transaction_sell_line_details`
--
ALTER TABLE `transaction_sell_line_details`
  MODIFY `id` int(10) UNSIGNED NOT NULL AUTO_INCREMENT;
--
-- AUTO_INCREMENT for table `units`
--
ALTER TABLE `units`
  MODIFY `id` int(10) UNSIGNED NOT NULL AUTO_INCREMENT, AUTO_INCREMENT=2;
--
-- AUTO_INCREMENT for table `users`
--
ALTER TABLE `users`
  MODIFY `id` int(10) UNSIGNED NOT NULL AUTO_INCREMENT, AUTO_INCREMENT=6;
--
-- AUTO_INCREMENT for table `variations`
--
ALTER TABLE `variations`
  MODIFY `id` int(10) UNSIGNED NOT NULL AUTO_INCREMENT, AUTO_INCREMENT=227;
--
-- AUTO_INCREMENT for table `variation_group_prices`
--
ALTER TABLE `variation_group_prices`
  MODIFY `id` int(10) UNSIGNED NOT NULL AUTO_INCREMENT;
--
-- AUTO_INCREMENT for table `variation_location_details`
--
ALTER TABLE `variation_location_details`
  MODIFY `id` int(10) UNSIGNED NOT NULL AUTO_INCREMENT;
--
-- AUTO_INCREMENT for table `variation_templates`
--
ALTER TABLE `variation_templates`
  MODIFY `id` int(10) UNSIGNED NOT NULL AUTO_INCREMENT, AUTO_INCREMENT=3;
--
-- AUTO_INCREMENT for table `variation_value_templates`
--
ALTER TABLE `variation_value_templates`
  MODIFY `id` int(10) UNSIGNED NOT NULL AUTO_INCREMENT, AUTO_INCREMENT=9;
--
-- Constraints for dumped tables
--

--
-- Constraints for table `barcodes`
--
ALTER TABLE `barcodes`
  ADD CONSTRAINT `barcodes_business_id_foreign` FOREIGN KEY (`business_id`) REFERENCES `business` (`id`) ON DELETE CASCADE;

--
-- Constraints for table `bookings`
--
ALTER TABLE `bookings`
  ADD CONSTRAINT `bookings_business_id_foreign` FOREIGN KEY (`business_id`) REFERENCES `business` (`id`) ON DELETE CASCADE,
  ADD CONSTRAINT `bookings_contact_id_foreign` FOREIGN KEY (`contact_id`) REFERENCES `contacts` (`id`) ON DELETE CASCADE,
  ADD CONSTRAINT `bookings_created_by_foreign` FOREIGN KEY (`created_by`) REFERENCES `users` (`id`) ON DELETE CASCADE;

--
-- Constraints for table `brands`
--
ALTER TABLE `brands`
  ADD CONSTRAINT `brands_business_id_foreign` FOREIGN KEY (`business_id`) REFERENCES `business` (`id`) ON DELETE CASCADE,
  ADD CONSTRAINT `brands_created_by_foreign` FOREIGN KEY (`created_by`) REFERENCES `users` (`id`) ON DELETE CASCADE;

--
-- Constraints for table `business`
--
ALTER TABLE `business`
  ADD CONSTRAINT `business_currency_id_foreign` FOREIGN KEY (`currency_id`) REFERENCES `currencies` (`id`),
  ADD CONSTRAINT `business_default_sales_tax_foreign` FOREIGN KEY (`default_sales_tax`) REFERENCES `tax_rates` (`id`),
  ADD CONSTRAINT `business_owner_id_foreign` FOREIGN KEY (`owner_id`) REFERENCES `users` (`id`) ON DELETE CASCADE;

--
-- Constraints for table `business_locations`
--
ALTER TABLE `business_locations`
  ADD CONSTRAINT `business_locations_business_id_foreign` FOREIGN KEY (`business_id`) REFERENCES `business` (`id`) ON DELETE CASCADE,
  ADD CONSTRAINT `business_locations_invoice_layout_id_foreign` FOREIGN KEY (`invoice_layout_id`) REFERENCES `invoice_layouts` (`id`) ON DELETE CASCADE,
  ADD CONSTRAINT `business_locations_invoice_scheme_id_foreign` FOREIGN KEY (`invoice_scheme_id`) REFERENCES `invoice_schemes` (`id`) ON DELETE CASCADE;

--
-- Constraints for table `cash_registers`
--
ALTER TABLE `cash_registers`
  ADD CONSTRAINT `cash_registers_business_id_foreign` FOREIGN KEY (`business_id`) REFERENCES `business` (`id`) ON DELETE CASCADE,
  ADD CONSTRAINT `cash_registers_user_id_foreign` FOREIGN KEY (`user_id`) REFERENCES `users` (`id`) ON DELETE CASCADE;

--
-- Constraints for table `cash_register_transactions`
--
ALTER TABLE `cash_register_transactions`
  ADD CONSTRAINT `cash_register_transactions_cash_register_id_foreign` FOREIGN KEY (`cash_register_id`) REFERENCES `cash_registers` (`id`) ON DELETE CASCADE;

--
-- Constraints for table `categories`
--
ALTER TABLE `categories`
  ADD CONSTRAINT `categories_business_id_foreign` FOREIGN KEY (`business_id`) REFERENCES `business` (`id`) ON DELETE CASCADE,
  ADD CONSTRAINT `categories_created_by_foreign` FOREIGN KEY (`created_by`) REFERENCES `users` (`id`) ON DELETE CASCADE;

--
-- Constraints for table `contacts`
--
ALTER TABLE `contacts`
  ADD CONSTRAINT `contacts_business_id_foreign` FOREIGN KEY (`business_id`) REFERENCES `business` (`id`) ON DELETE CASCADE,
  ADD CONSTRAINT `contacts_created_by_foreign` FOREIGN KEY (`created_by`) REFERENCES `users` (`id`) ON DELETE CASCADE;

--
-- Constraints for table `customer_groups`
--
ALTER TABLE `customer_groups`
  ADD CONSTRAINT `customer_groups_business_id_foreign` FOREIGN KEY (`business_id`) REFERENCES `business` (`id`) ON DELETE CASCADE;

--
-- Constraints for table `expense_categories`
--
ALTER TABLE `expense_categories`
  ADD CONSTRAINT `expense_categories_business_id_foreign` FOREIGN KEY (`business_id`) REFERENCES `business` (`id`) ON DELETE CASCADE;

--
-- Constraints for table `group_sub_taxes`
--
ALTER TABLE `group_sub_taxes`
  ADD CONSTRAINT `group_sub_taxes_group_tax_id_foreign` FOREIGN KEY (`group_tax_id`) REFERENCES `tax_rates` (`id`) ON DELETE CASCADE,
  ADD CONSTRAINT `group_sub_taxes_tax_id_foreign` FOREIGN KEY (`tax_id`) REFERENCES `tax_rates` (`id`) ON DELETE CASCADE;

--
-- Constraints for table `invoice_layouts`
--
ALTER TABLE `invoice_layouts`
  ADD CONSTRAINT `invoice_layouts_business_id_foreign` FOREIGN KEY (`business_id`) REFERENCES `business` (`id`) ON DELETE CASCADE;

--
-- Constraints for table `invoice_schemes`
--
ALTER TABLE `invoice_schemes`
  ADD CONSTRAINT `invoice_schemes_business_id_foreign` FOREIGN KEY (`business_id`) REFERENCES `business` (`id`) ON DELETE CASCADE;

--
-- Constraints for table `menu_design_details`
--
ALTER TABLE `menu_design_details`
  ADD CONSTRAINT `menu_design_details_category_id_foreign` FOREIGN KEY (`category_id`) REFERENCES `categories` (`id`) ON DELETE CASCADE,
  ADD CONSTRAINT `menu_design_details_menu_design_id_foreign` FOREIGN KEY (`menu_design_id`) REFERENCES `menu_designs` (`id`) ON DELETE CASCADE,
  ADD CONSTRAINT `menu_design_details_product_id_foreign` FOREIGN KEY (`product_id`) REFERENCES `products` (`id`) ON DELETE CASCADE;

--
-- Constraints for table `model_has_permissions`
--
ALTER TABLE `model_has_permissions`
  ADD CONSTRAINT `model_has_permissions_permission_id_foreign` FOREIGN KEY (`permission_id`) REFERENCES `permissions` (`id`) ON DELETE CASCADE;

--
-- Constraints for table `model_has_roles`
--
ALTER TABLE `model_has_roles`
  ADD CONSTRAINT `model_has_roles_role_id_foreign` FOREIGN KEY (`role_id`) REFERENCES `roles` (`id`) ON DELETE CASCADE;

--
-- Constraints for table `modifiers`
--
ALTER TABLE `modifiers`
  ADD CONSTRAINT `modifiers_product_id_foreign` FOREIGN KEY (`product_id`) REFERENCES `products` (`id`) ON DELETE CASCADE;

--
-- Constraints for table `printers`
--
ALTER TABLE `printers`
  ADD CONSTRAINT `printers_business_id_foreign` FOREIGN KEY (`business_id`) REFERENCES `business` (`id`) ON DELETE CASCADE;

--
-- Constraints for table `products`
--
ALTER TABLE `products`
  ADD CONSTRAINT `products_brand_id_foreign` FOREIGN KEY (`brand_id`) REFERENCES `brands` (`id`) ON DELETE CASCADE,
  ADD CONSTRAINT `products_business_id_foreign` FOREIGN KEY (`business_id`) REFERENCES `business` (`id`) ON DELETE CASCADE,
  ADD CONSTRAINT `products_category_id_foreign` FOREIGN KEY (`category_id`) REFERENCES `categories` (`id`) ON DELETE CASCADE,
  ADD CONSTRAINT `products_created_by_foreign` FOREIGN KEY (`created_by`) REFERENCES `users` (`id`) ON DELETE CASCADE,
  ADD CONSTRAINT `products_sub_category_id_foreign` FOREIGN KEY (`sub_category_id`) REFERENCES `categories` (`id`) ON DELETE CASCADE,
  ADD CONSTRAINT `products_tax_foreign` FOREIGN KEY (`tax`) REFERENCES `tax_rates` (`id`),
  ADD CONSTRAINT `products_unit_id_foreign` FOREIGN KEY (`unit_id`) REFERENCES `units` (`id`) ON DELETE CASCADE;

--
-- Constraints for table `product_variations`
--
ALTER TABLE `product_variations`
  ADD CONSTRAINT `product_variations_product_id_foreign` FOREIGN KEY (`product_id`) REFERENCES `products` (`id`) ON DELETE CASCADE;

--
-- Constraints for table `purchase_lines`
--
ALTER TABLE `purchase_lines`
  ADD CONSTRAINT `purchase_lines_product_id_foreign` FOREIGN KEY (`product_id`) REFERENCES `products` (`id`) ON DELETE CASCADE,
  ADD CONSTRAINT `purchase_lines_tax_id_foreign` FOREIGN KEY (`tax_id`) REFERENCES `tax_rates` (`id`) ON DELETE CASCADE,
  ADD CONSTRAINT `purchase_lines_transaction_id_foreign` FOREIGN KEY (`transaction_id`) REFERENCES `transactions` (`id`) ON DELETE CASCADE,
  ADD CONSTRAINT `purchase_lines_variation_id_foreign` FOREIGN KEY (`variation_id`) REFERENCES `variations` (`id`) ON DELETE CASCADE;

--
-- Constraints for table `res_product_modifier_sets`
--
ALTER TABLE `res_product_modifier_sets`
  ADD CONSTRAINT `res_product_modifier_sets_modifier_set_id_foreign` FOREIGN KEY (`modifier_set_id`) REFERENCES `products` (`id`) ON DELETE CASCADE;

--
-- Constraints for table `res_tables`
--
ALTER TABLE `res_tables`
  ADD CONSTRAINT `res_tables_business_id_foreign` FOREIGN KEY (`business_id`) REFERENCES `business` (`id`) ON DELETE CASCADE;

--
-- Constraints for table `roles`
--
ALTER TABLE `roles`
  ADD CONSTRAINT `roles_business_id_foreign` FOREIGN KEY (`business_id`) REFERENCES `business` (`id`) ON DELETE CASCADE;

--
-- Constraints for table `role_has_permissions`
--
ALTER TABLE `role_has_permissions`
  ADD CONSTRAINT `role_has_permissions_permission_id_foreign` FOREIGN KEY (`permission_id`) REFERENCES `permissions` (`id`) ON DELETE CASCADE,
  ADD CONSTRAINT `role_has_permissions_role_id_foreign` FOREIGN KEY (`role_id`) REFERENCES `roles` (`id`) ON DELETE CASCADE;

--
-- Constraints for table `selling_price_groups`
--
ALTER TABLE `selling_price_groups`
  ADD CONSTRAINT `selling_price_groups_business_id_foreign` FOREIGN KEY (`business_id`) REFERENCES `business` (`id`) ON DELETE CASCADE;

--
-- Constraints for table `stock_adjustment_lines`
--
ALTER TABLE `stock_adjustment_lines`
  ADD CONSTRAINT `stock_adjustment_lines_product_id_foreign` FOREIGN KEY (`product_id`) REFERENCES `products` (`id`) ON DELETE CASCADE,
  ADD CONSTRAINT `stock_adjustment_lines_transaction_id_foreign` FOREIGN KEY (`transaction_id`) REFERENCES `transactions` (`id`) ON DELETE CASCADE,
  ADD CONSTRAINT `stock_adjustment_lines_variation_id_foreign` FOREIGN KEY (`variation_id`) REFERENCES `variations` (`id`) ON DELETE CASCADE;

--
-- Constraints for table `tax_rates`
--
ALTER TABLE `tax_rates`
  ADD CONSTRAINT `tax_rates_business_id_foreign` FOREIGN KEY (`business_id`) REFERENCES `business` (`id`) ON DELETE CASCADE,
  ADD CONSTRAINT `tax_rates_created_by_foreign` FOREIGN KEY (`created_by`) REFERENCES `users` (`id`) ON DELETE CASCADE;

--
-- Constraints for table `transactions`
--
ALTER TABLE `transactions`
  ADD CONSTRAINT `transactions_business_id_foreign` FOREIGN KEY (`business_id`) REFERENCES `business` (`id`) ON DELETE CASCADE,
  ADD CONSTRAINT `transactions_contact_id_foreign` FOREIGN KEY (`contact_id`) REFERENCES `contacts` (`id`) ON DELETE CASCADE,
  ADD CONSTRAINT `transactions_created_by_foreign` FOREIGN KEY (`created_by`) REFERENCES `users` (`id`) ON DELETE CASCADE,
  ADD CONSTRAINT `transactions_expense_category_id_foreign` FOREIGN KEY (`expense_category_id`) REFERENCES `expense_categories` (`id`) ON DELETE CASCADE,
  ADD CONSTRAINT `transactions_expense_for_foreign` FOREIGN KEY (`expense_for`) REFERENCES `users` (`id`) ON DELETE CASCADE,
  ADD CONSTRAINT `transactions_location_id_foreign` FOREIGN KEY (`location_id`) REFERENCES `business_locations` (`id`),
  ADD CONSTRAINT `transactions_tax_id_foreign` FOREIGN KEY (`tax_id`) REFERENCES `tax_rates` (`id`) ON DELETE CASCADE;

--
-- Constraints for table `transaction_payments`
--
ALTER TABLE `transaction_payments`
  ADD CONSTRAINT `transaction_payments_transaction_id_foreign` FOREIGN KEY (`transaction_id`) REFERENCES `transactions` (`id`) ON DELETE CASCADE;

--
-- Constraints for table `transaction_sell_lines`
--
ALTER TABLE `transaction_sell_lines`
  ADD CONSTRAINT `transaction_sell_lines_product_id_foreign` FOREIGN KEY (`product_id`) REFERENCES `products` (`id`) ON DELETE CASCADE,
  ADD CONSTRAINT `transaction_sell_lines_tax_id_foreign` FOREIGN KEY (`tax_id`) REFERENCES `tax_rates` (`id`) ON DELETE CASCADE,
  ADD CONSTRAINT `transaction_sell_lines_transaction_id_foreign` FOREIGN KEY (`transaction_id`) REFERENCES `transactions` (`id`) ON DELETE CASCADE,
  ADD CONSTRAINT `transaction_sell_lines_variation_id_foreign` FOREIGN KEY (`variation_id`) REFERENCES `variations` (`id`) ON DELETE CASCADE;

--
-- Constraints for table `transaction_sell_line_details`
--
ALTER TABLE `transaction_sell_line_details`
  ADD CONSTRAINT `transaction_sell_line_details_product_id_foreign` FOREIGN KEY (`product_id`) REFERENCES `products` (`id`) ON DELETE CASCADE,
  ADD CONSTRAINT `transaction_sell_line_details_tax_id_foreign` FOREIGN KEY (`tax_id`) REFERENCES `tax_rates` (`id`) ON DELETE CASCADE,
  ADD CONSTRAINT `transaction_sell_line_details_transaction_sell_line_id_foreign` FOREIGN KEY (`transaction_sell_line_id`) REFERENCES `transaction_sell_lines` (`id`) ON DELETE CASCADE,
  ADD CONSTRAINT `transaction_sell_line_details_variation_id_foreign` FOREIGN KEY (`variation_id`) REFERENCES `variations` (`id`) ON DELETE CASCADE;

--
-- Constraints for table `units`
--
ALTER TABLE `units`
  ADD CONSTRAINT `units_business_id_foreign` FOREIGN KEY (`business_id`) REFERENCES `business` (`id`) ON DELETE CASCADE,
  ADD CONSTRAINT `units_created_by_foreign` FOREIGN KEY (`created_by`) REFERENCES `users` (`id`) ON DELETE CASCADE;

--
-- Constraints for table `users`
--
ALTER TABLE `users`
  ADD CONSTRAINT `users_business_id_foreign` FOREIGN KEY (`business_id`) REFERENCES `business` (`id`) ON DELETE CASCADE,
  ADD CONSTRAINT `users_menu_design_id_foreign` FOREIGN KEY (`menu_design_id`) REFERENCES `menu_designs` (`id`) ON DELETE CASCADE;

--
-- Constraints for table `variations`
--
ALTER TABLE `variations`
  ADD CONSTRAINT `variations_product_id_foreign` FOREIGN KEY (`product_id`) REFERENCES `products` (`id`) ON DELETE CASCADE,
  ADD CONSTRAINT `variations_product_variation_id_foreign` FOREIGN KEY (`product_variation_id`) REFERENCES `product_variations` (`id`) ON DELETE CASCADE;

--
-- Constraints for table `variation_group_prices`
--
ALTER TABLE `variation_group_prices`
  ADD CONSTRAINT `variation_group_prices_price_group_id_foreign` FOREIGN KEY (`price_group_id`) REFERENCES `selling_price_groups` (`id`) ON DELETE CASCADE,
  ADD CONSTRAINT `variation_group_prices_variation_id_foreign` FOREIGN KEY (`variation_id`) REFERENCES `variations` (`id`) ON DELETE CASCADE;

--
-- Constraints for table `variation_location_details`
--
ALTER TABLE `variation_location_details`
  ADD CONSTRAINT `variation_location_details_location_id_foreign` FOREIGN KEY (`location_id`) REFERENCES `business_locations` (`id`),
  ADD CONSTRAINT `variation_location_details_variation_id_foreign` FOREIGN KEY (`variation_id`) REFERENCES `variations` (`id`);

--
-- Constraints for table `variation_templates`
--
ALTER TABLE `variation_templates`
  ADD CONSTRAINT `variation_templates_business_id_foreign` FOREIGN KEY (`business_id`) REFERENCES `business` (`id`) ON DELETE CASCADE;

--
-- Constraints for table `variation_value_templates`
--
ALTER TABLE `variation_value_templates`
  ADD CONSTRAINT `variation_value_templates_variation_template_id_foreign` FOREIGN KEY (`variation_template_id`) REFERENCES `variation_templates` (`id`) ON DELETE CASCADE;

/*!40101 SET CHARACTER_SET_CLIENT=@OLD_CHARACTER_SET_CLIENT */;
/*!40101 SET CHARACTER_SET_RESULTS=@OLD_CHARACTER_SET_RESULTS */;
/*!40101 SET COLLATION_CONNECTION=@OLD_COLLATION_CONNECTION */;
